Launch Tag,Launch Date,Country,Country Group,Launch Site,Launch Site Name,Launch Vehicle,Launch Outcome,Vehicle Size,Starlink Mission,Latitude,Longitude
2026-146,2026-06-26,New Zealand,Major Non-NATO Ally,"Rocket Lab Launch Complex 1, Onenui Station, Mahia Peninsula",Rocket Lab Launch Complex 1,Electron,Success,Small,,-39.2609,177.8655
2026-145,2026-06-24,United States,United States,"Vandenberg Space Force Base, California",Vandenberg Space Force Base,Falcon 9,Success,Medium,,34.75,-120.62
2026-144,2026-06-23,China,China,"Wenchang Space Center, Hainan",Wenchang Space Center,Long March 7,Success,Medium,,19.6142,110.9511
2026-U03,2026-06-23,United States,United States,"Kennedy / Cape Canaveral, Florida",Kennedy / Cape Canaveral,Falcon 9,Success,Medium,,28.46,-80.54
2026-143,2026-06-21,United States,United States,"Vandenberg Space Force Base, California",Vandenberg Space Force Base,Falcon 9,Success,Medium,Yes,34.75,-120.62
2026-141,2026-06-19,United States,United States,"Vandenberg Space Force Base, California",Vandenberg Space Force Base,Falcon 9,Success,Medium,,34.75,-120.62
2026-142,2026-06-19,New Zealand,Major Non-NATO Ally,"Rocket Lab Launch Complex 1, Onenui Station, Mahia Peninsula",Rocket Lab Launch Complex 1,Electron,Success,Undetermined,,-39.2609,177.8655
2026-137,2026-06-17,China,China,Hainan Shangye Hangtian Fashe Chang (Hainan Commercial Space Launch Site),Hainan Commercial Space Launch Site,Chang Zheng 12,Success,Medium,,19.5968,110.9308
2026-138,2026-06-17,China,China,"Jiuquan Space Center, Nei Monggol Zizhiqu, China",Jiuquan Space Center,Kuaizhou-11,Success,Small,,41.31,100.31
2026-139,2026-06-17,United States,United States,"Kennedy / Cape Canaveral, Florida",Kennedy / Cape Canaveral,Falcon 9,Success,Medium,,28.46,-80.54
2026-140,2026-06-17,France,NATO Ally,"Centre Spatial Guyanais, Kourou, Guyane Francaise",Centre Spatial Guyanais,Ariane 64,Success,Undetermined,,5.2333,-52.7517
2026-136,2026-06-16,China,China,"Xichang Space Center (Songlin), Sichuan, China",Xichang Space Center (Songlin),Long March 3,Success,Medium,,28.2472,102.0291
2026-134,2026-06-15,China,China,"Jiuquan Space Center, Nei Monggol Zizhiqu, China",Jiuquan Space Center,Lijian-1,Success,Medium,,41.31,100.31
2026-135,2026-06-15,United States,United States,"Vandenberg Space Force Base, California",Vandenberg Space Force Base,Falcon 9,Success,Medium,Yes,34.75,-120.62
2026-132,2026-06-12,Japan,Major Non-NATO Ally,"Tanegashima Space Center, Tanegashima, Nippon",Tanegashima Space Center,H3-30S,Success,Undetermined,,30.4,130.97
2026-133,2026-06-12,United States,United States,"Kennedy / Cape Canaveral, Florida",Kennedy / Cape Canaveral,Falcon 9,Success,Medium,Yes,28.46,-80.54
2026-129,2026-06-11,China,China,"Wenchang Space Center, Hainan",Wenchang Space Center,Long March 5,Success,Medium,,19.6142,110.9511
2026-130,2026-06-11,United States,United States,"Wallops Island, Virginia",Wallops Island,HASTE,Success,Undetermined,,37.83,-75.48
2026-131,2026-06-11,United States,United States,"Vandenberg Space Force Base, California",Vandenberg Space Force Base,Falcon 9,Success,Medium,Yes,34.75,-120.62
2026-128,2026-06-09,China,China,"Jiuquan Space Center, Nei Monggol Zizhiqu, China",Jiuquan Space Center,Zhuque-2E,Success,Undetermined,,41.31,100.31
2026-127,2026-06-08,United States,United States,"Kennedy / Cape Canaveral, Florida",Kennedy / Cape Canaveral,Falcon 9,Success,Medium,Yes,28.46,-80.54
2026-126,2026-06-07,United States,United States,"Vandenberg Space Force Base, California",Vandenberg Space Force Base,Falcon 9,Success,Medium,Yes,34.75,-120.62
2026-125,2026-06-05,China,China,Hainan Shangye Hangtian Fashe Chang (Hainan Commercial Space Launch Site),Hainan Commercial Space Launch Site,Long March 8,Success,Medium,,19.5968,110.9308
2026-123,2026-06-04,United States,United States,"Kennedy / Cape Canaveral, Florida",Kennedy / Cape Canaveral,Falcon 9,Success,Medium,Yes,28.46,-80.54
2026-124,2026-06-04,China,China,Taiyuan weixing fashe zhongxin,Taiyuan weixing fashe zhongxin,Long March 6,Success,Medium,,37.5,112.6
2026-122,2026-06-03,United States,United States,"Vandenberg Space Force Base, California",Vandenberg Space Force Base,Falcon 9,Success,Medium,Yes,34.75,-120.62
2026-121,2026-06-01,China,China,"Jiuquan Space Center, Nei Monggol Zizhiqu, China",Jiuquan Space Center,Chang Zheng 12B,Success,Undetermined,,41.31,100.31
2026-119,2026-05-30,United States,United States,"Vandenberg Space Force Base, California",Vandenberg Space Force Base,Falcon 9,Success,Medium,Yes,34.75,-120.62
2026-120,2026-05-30,China,China,"Xichang Space Center (Songlin), Sichuan, China",Xichang Space Center (Songlin),Long March 2,Success,Medium,,28.2472,102.0291
2026-117,2026-05-29,United States,United States,"Kennedy / Cape Canaveral, Florida",Kennedy / Cape Canaveral,Falcon 9,Success,Medium,Yes,28.46,-80.54
2026-118,2026-05-29,United States,United States,"Kennedy / Cape Canaveral, Florida",Kennedy / Cape Canaveral,Atlas V,Success,Medium,,28.46,-80.54
2026-E01,2026-05-29,United States,United States,"Kennedy / Cape Canaveral, Florida",Kennedy / Cape Canaveral,New Glenn,Abort or Failure on Pad,Undetermined,,28.46,-80.54
2026-115,2026-05-26,United States,United States,"Vandenberg Space Force Base, California",Vandenberg Space Force Base,Falcon 9,Success,Medium,Yes,34.75,-120.62
2026-116,2026-05-26,China,China,"Wenchang Space Center, Hainan",Wenchang Space Center,Long March 7,Success,Medium,,19.6142,110.9511
2026-114,2026-05-25,United States,United States,"Kennedy / Cape Canaveral, Florida",Kennedy / Cape Canaveral,Falcon 9,Success,Medium,Yes,28.46,-80.54
2026-113,2026-05-24,China,China,"Jiuquan Space Center, Nei Monggol Zizhiqu, China",Jiuquan Space Center,Long March 2,Success,Medium,,41.31,100.31
2026-112,2026-05-22,New Zealand,Major Non-NATO Ally,"Rocket Lab Launch Complex 1, Onenui Station, Mahia Peninsula",Rocket Lab Launch Complex 1,Electron,Success,Small,,-39.2609,177.8655
2026-U02,2026-05-22,United States,United States,"Starbase, Boca Chica Beach, Texas",Starbase,Starship V3,Success,Undetermined,,25.9964,-97.1536
2026-111,2026-05-21,United States,United States,"Kennedy / Cape Canaveral, Florida",Kennedy / Cape Canaveral,Falcon 9,Success,Medium,Yes,28.46,-80.54
2026-110,2026-05-20,United States,United States,"Vandenberg Space Force Base, California",Vandenberg Space Force Base,Falcon 9,Success,Medium,Yes,34.75,-120.62
2026-109,2026-05-19,France,NATO Ally,"Centre Spatial Guyanais, Kourou, Guyane Francaise",Centre Spatial Guyanais,Vega C,Success,Medium,,5.2333,-52.7517
2026-108,2026-05-17,China,China,Hainan Shangye Hangtian Fashe Chang (Hainan Commercial Space Launch Site),Hainan Commercial Space Launch Site,Long March 8,Success,Medium,,19.5968,110.9308
2026-106,2026-05-15,China,China,"Jiuquan Space Center, Nei Monggol Zizhiqu, China",Jiuquan Space Center,Lijian-1,Success,Medium,,41.31,100.31
2026-107,2026-05-15,United States,United States,"Kennedy / Cape Canaveral, Florida",Kennedy / Cape Canaveral,Falcon 9,Success,Medium,,28.46,-80.54
2026-105,2026-05-14,China,China,"Jiuquan Space Center, Nei Monggol Zizhiqu, China",Jiuquan Space Center,Zhuque-2E,Success,Undetermined,,41.31,100.31
2026-103,2026-05-12,United States,United States,"Vandenberg Space Force Base, California",Vandenberg Space Force Base,Falcon 9,Success,Medium,,34.75,-120.62
2026-104,2026-05-12,China,China,Taiyuan weixing fashe zhongxin,Taiyuan weixing fashe zhongxin,Long March 6,Success,Medium,,37.5,112.6
2026-102,2026-05-11,China,China,"Wenchang Space Center, Hainan",Wenchang Space Center,Long March 7,Success,Medium,,19.6142,110.9511
2026-101,2026-05-06,United States,United States,"Vandenberg Space Force Base, California",Vandenberg Space Force Base,Falcon 9,Success,Medium,Yes,34.75,-120.62
2026-100,2026-05-03,United States,United States,"Vandenberg Space Force Base, California",Vandenberg Space Force Base,Falcon 9,Success,Medium,,34.75,-120.62
2026-099,2026-05-01,United States,United States,"Kennedy / Cape Canaveral, Florida",Kennedy / Cape Canaveral,Falcon 9,Success,Medium,Yes,28.46,-80.54
2026-097,2026-04-30,United States,United States,"Vandenberg Space Force Base, California",Vandenberg Space Force Base,Falcon 9,Success,Medium,Yes,34.75,-120.62
2026-098,2026-04-30,France,NATO Ally,"Centre Spatial Guyanais, Kourou, Guyane Francaise",Centre Spatial Guyanais,Ariane 64,Success,Medium,,5.2333,-52.7517
2026-096,2026-04-29,United States,United States,"Kennedy / Cape Canaveral, Florida",Kennedy / Cape Canaveral,Falcon Heavy,Success,Super Heavy,,28.46,-80.54
2026-095,2026-04-28,United States,United States,"Kennedy / Cape Canaveral, Florida",Kennedy / Cape Canaveral,Atlas V,Success,Medium,,28.46,-80.54
2026-094,2026-04-26,United States,United States,"Vandenberg Space Force Base, California",Vandenberg Space Force Base,Falcon 9,Success,Medium,Yes,34.75,-120.62
2026-092,2026-04-25,China,China,Taiyuan weixing fashe zhongxin,Taiyuan weixing fashe zhongxin,Long March 6,Success,Small,,37.5,112.6
2026-093,2026-04-25,Russia/Soviet Union,Russia/Soviet Union,"Baykonur Kosmodrome, Kazakstan",Baykonur Kosmodrome,Soyuz-2,Success,Medium,,46.0,63.0
2026-091,2026-04-24,China,China,"Xichang Space Center (Songlin), Sichuan, China",Xichang Space Center (Songlin),Long March 2,Success,Medium,,28.2472,102.0291
2026-088,2026-04-23,New Zealand,Major Non-NATO Ally,"Rocket Lab Launch Complex 1, Onenui Station, Mahia Peninsula",Rocket Lab Launch Complex 1,Electron,Success,Small,,-39.2609,177.8655
2026-089,2026-04-23,United States,United States,"Vandenberg Space Force Base, California",Vandenberg Space Force Base,Falcon 9,Success,Medium,Yes,34.75,-120.62
2026-090,2026-04-23,Russia/Soviet Union,Russia/Soviet Union,"Plesetsk Kosmodrome, Russia",Plesetsk Kosmodrome,Angara-1.2,Success,Small,,63.0,41.1
2026-087,2026-04-21,United States,United States,"Kennedy / Cape Canaveral, Florida",Kennedy / Cape Canaveral,Falcon 9,Success,Medium,,28.46,-80.54
2026-085,2026-04-19,United States,United States,"Kennedy / Cape Canaveral, Florida",Kennedy / Cape Canaveral,New Glenn,Failure,Undetermined,,28.46,-80.54
2026-086,2026-04-19,United States,United States,"Vandenberg Space Force Base, California",Vandenberg Space Force Base,Falcon 9,Success,Medium,Yes,34.75,-120.62
2026-084,2026-04-17,China,China,"Jiuquan Space Center, Nei Monggol Zizhiqu, China",Jiuquan Space Center,Long March 4,Success,Medium,,41.31,100.31
2026-083,2026-04-16,Russia/Soviet Union,Russia/Soviet Union,"Plesetsk Kosmodrome, Russia",Plesetsk Kosmodrome,Soyuz-2,Success,Undetermined,,63.0,41.1
2026-082,2026-04-15,United States,United States,"Vandenberg Space Force Base, California",Vandenberg Space Force Base,Falcon 9,Success,Medium,Yes,34.75,-120.62
2026-080,2026-04-14,China,China,"Jiuquan Space Center, Nei Monggol Zizhiqu, China",Jiuquan Space Center,Lijian-1,Success,Medium,,41.31,100.31
2026-081,2026-04-14,United States,United States,"Kennedy / Cape Canaveral, Florida",Kennedy / Cape Canaveral,Falcon 9,Success,Medium,Yes,28.46,-80.54
2026-077,2026-04-11,United States,United States,"Vandenberg Space Force Base, California",Vandenberg Space Force Base,Falcon 9,Success,Medium,Yes,34.75,-120.62
2026-078,2026-04-11,China,China,Yangjiang launch area,Yangjiang launch area,Jielong-3,Success,Small,,21.28,112.0
2026-079,2026-04-11,United States,United States,"Kennedy / Cape Canaveral, Florida",Kennedy / Cape Canaveral,Falcon 9,Success,Medium,,28.46,-80.54
2026-076,2026-04-08,China,China,Taiyuan weixing fashe zhongxin,Taiyuan weixing fashe zhongxin,Long March 6,Success,Medium,,37.5,112.6
2026-073,2026-04-07,United States,United States,"Vandenberg Space Force Base, California",Vandenberg Space Force Base,Falcon 9,Success,Medium,Yes,34.75,-120.62
2026-074,2026-04-07,United States,United States,"Vandenberg Space Force Base, California",Vandenberg Space Force Base,Minotaur IV,Success,Small,,34.75,-120.62
2026-075,2026-04-07,China,China,Hainan Shangye Hangtian Fashe Chang (Hainan Commercial Space Launch Site),Hainan Commercial Space Launch Site,Long March 8,Success,Medium,,19.5968,110.9308
2026-072,2026-04-04,United States,United States,"Kennedy / Cape Canaveral, Florida",Kennedy / Cape Canaveral,Atlas V,Success,Medium,,28.46,-80.54
2026-071,2026-04-03,Russia/Soviet Union,Russia/Soviet Union,"Plesetsk Kosmodrome, Russia",Plesetsk Kosmodrome,Soyuz-2,Success,Medium,,63.0,41.1
2026-F05,2026-04-03,China,China,"Jiuquan Space Center, Nei Monggol Zizhiqu, China",Jiuquan Space Center,Tianlong-3,Failure,Undetermined,,41.31,100.31
2026-070,2026-04-02,United States,United States,"Kennedy / Cape Canaveral, Florida",Kennedy / Cape Canaveral,Falcon 9,Success,Medium,Yes,28.46,-80.54
2026-069,2026-04-01,United States,United States,"Kennedy / Cape Canaveral, Florida",Kennedy / Cape Canaveral,SLS Block 1,Success,Super Heavy,,28.46,-80.54
2026-066,2026-03-30,China,China,"Jiuquan Space Center, Nei Monggol Zizhiqu, China",Jiuquan Space Center,Lijian-2,Success,Undetermined,,41.31,100.31
2026-067,2026-03-30,United States,United States,"Vandenberg Space Force Base, California",Vandenberg Space Force Base,Falcon 9,Success,Medium,,34.75,-120.62
2026-068,2026-03-30,United States,United States,"Kennedy / Cape Canaveral, Florida",Kennedy / Cape Canaveral,Falcon 9,Success,Medium,Yes,28.46,-80.54
2026-065,2026-03-28,New Zealand,Major Non-NATO Ally,"Rocket Lab Launch Complex 1, Onenui Station, Mahia Peninsula",Rocket Lab Launch Complex 1,Electron,Success,Small,,-39.2609,177.8655
2026-064,2026-03-27,China,China,"Jiuquan Space Center, Nei Monggol Zizhiqu, China",Jiuquan Space Center,Long March 2,Success,Medium,,41.31,100.31
2026-063,2026-03-26,United States,United States,"Vandenberg Space Force Base, California",Vandenberg Space Force Base,Falcon 9,Success,Medium,Yes,34.75,-120.62
2026-062,2026-03-25,China,China,Taiyuan weixing fashe zhongxin,Taiyuan weixing fashe zhongxin,Long March 2,Success,Medium,,37.5,112.6
2026-061,2026-03-23,Russia/Soviet Union,Russia/Soviet Union,"Plesetsk Kosmodrome, Russia",Plesetsk Kosmodrome,Soyuz-2,Success,Medium,,63.0,41.1
2026-058,2026-03-22,Russia/Soviet Union,Russia/Soviet Union,"Baykonur Kosmodrome, Kazakstan",Baykonur Kosmodrome,Soyuz-2,Success,Medium,,46.0,63.0
2026-059,2026-03-22,United States,United States,"Kennedy / Cape Canaveral, Florida",Kennedy / Cape Canaveral,Falcon 9,Success,Medium,Yes,28.46,-80.54
2026-060,2026-03-22,China,China,Huang Hai CZ-11 launch zone,Huang Hai CZ-11 launch zone,Jielong-3,Success,Small,,34.9,121.19
2026-056,2026-03-20,New Zealand,Major Non-NATO Ally,"Rocket Lab Launch Complex 1, Onenui Station, Mahia Peninsula",Rocket Lab Launch Complex 1,Electron,Success,Small,,-39.2609,177.8655
2026-057,2026-03-20,United States,United States,"Vandenberg Space Force Base, California",Vandenberg Space Force Base,Falcon 9,Success,Medium,Yes,34.75,-120.62
2026-055,2026-03-19,United States,United States,"Kennedy / Cape Canaveral, Florida",Kennedy / Cape Canaveral,Falcon 9,Success,Medium,Yes,28.46,-80.54
2026-053,2026-03-17,United States,United States,"Vandenberg Space Force Base, California",Vandenberg Space Force Base,Falcon 9,Success,Medium,Yes,34.75,-120.62
2026-054,2026-03-17,United States,United States,"Kennedy / Cape Canaveral, Florida",Kennedy / Cape Canaveral,Falcon 9,Success,Medium,Yes,28.46,-80.54
2026-052,2026-03-16,China,China,"Jiuquan Space Center, Nei Monggol Zizhiqu, China",Jiuquan Space Center,Kuaizhou-11,Success,Small,,41.31,100.31
2026-051,2026-03-15,China,China,Taiyuan weixing fashe zhongxin,Taiyuan weixing fashe zhongxin,Long March 6,Success,Medium,,37.5,112.6
2026-050,2026-03-14,United States,United States,"Kennedy / Cape Canaveral, Florida",Kennedy / Cape Canaveral,Falcon 9,Success,Medium,Yes,28.46,-80.54
2026-049,2026-03-13,United States,United States,"Vandenberg Space Force Base, California",Vandenberg Space Force Base,Falcon 9,Success,Medium,Yes,34.75,-120.62
2026-046,2026-03-12,United States,United States,"Vandenberg Space Force Base, California",Vandenberg Space Force Base,Firefly Alpha,Success,Undetermined,,34.75,-120.62
2026-047,2026-03-12,China,China,Hainan Shangye Hangtian Fashe Chang (Hainan Commercial Space Launch Site),Hainan Commercial Space Launch Site,Chang Zheng 8A,Success,Undetermined,,19.5968,110.9308
2026-048,2026-03-12,China,China,"Xichang Space Center (Songlin), Sichuan, China",Xichang Space Center (Songlin),Long March 2,Success,Medium,,28.2472,102.0291
2026-045,2026-03-10,United States,United States,"Kennedy / Cape Canaveral, Florida",Kennedy / Cape Canaveral,Falcon 9,Success,Medium,,28.46,-80.54
2026-044,2026-03-08,United States,United States,"Vandenberg Space Force Base, California",Vandenberg Space Force Base,Falcon 9,Success,Medium,Yes,34.75,-120.62
2026-043,2026-03-05,New Zealand,Major Non-NATO Ally,"Rocket Lab Launch Complex 1, Onenui Station, Mahia Peninsula",Rocket Lab Launch Complex 1,Electron,Success,Small,,-39.2609,177.8655
2026-F04,2026-03-05,Japan,Major Non-NATO Ally,"Spaceport Kii, Kanagawa",Spaceport Kii,Kairos,Failure,Small,,33.5443,135.8895
2026-042,2026-03-04,United States,United States,"Kennedy / Cape Canaveral, Florida",Kennedy / Cape Canaveral,Falcon 9,Success,Medium,Yes,28.46,-80.54
2026-041,2026-03-02,United States,United States,"Kennedy / Cape Canaveral, Florida",Kennedy / Cape Canaveral,Falcon 9,Success,Medium,Yes,28.46,-80.54
2026-040,2026-03-01,United States,United States,"Vandenberg Space Force Base, California",Vandenberg Space Force Base,Falcon 9,Success,Medium,Yes,34.75,-120.62
2026-039,2026-02-27,United States,United States,"Kennedy / Cape Canaveral, Florida",Kennedy / Cape Canaveral,Falcon 9,Success,Medium,Yes,28.46,-80.54
2026-038,2026-02-25,United States,United States,"Vandenberg Space Force Base, California",Vandenberg Space Force Base,Falcon 9,Success,Medium,Yes,34.75,-120.62
2026-037,2026-02-24,United States,United States,"Kennedy / Cape Canaveral, Florida",Kennedy / Cape Canaveral,Falcon 9,Success,Medium,Yes,28.46,-80.54
2026-036,2026-02-22,United States,United States,"Kennedy / Cape Canaveral, Florida",Kennedy / Cape Canaveral,Falcon 9,Success,Medium,Yes,28.46,-80.54
2026-035,2026-02-21,United States,United States,"Vandenberg Space Force Base, California",Vandenberg Space Force Base,Falcon 9,Success,Medium,Yes,34.75,-120.62
2026-034,2026-02-20,United States,United States,"Kennedy / Cape Canaveral, Florida",Kennedy / Cape Canaveral,Falcon 9,Success,Medium,Yes,28.46,-80.54
2026-033,2026-02-16,United States,United States,"Kennedy / Cape Canaveral, Florida",Kennedy / Cape Canaveral,Falcon 9,Success,Medium,Yes,28.46,-80.54
2026-032,2026-02-15,United States,United States,"Vandenberg Space Force Base, California",Vandenberg Space Force Base,Falcon 9,Success,Medium,Yes,34.75,-120.62
2026-031,2026-02-13,United States,United States,"Kennedy / Cape Canaveral, Florida",Kennedy / Cape Canaveral,Falcon 9,Success,Medium,,28.46,-80.54
2026-027,2026-02-12,China,China,Yangjiang launch area,Yangjiang launch area,Jielong-3,Success,Small,,21.28,112.0
2026-028,2026-02-12,Russia/Soviet Union,Russia/Soviet Union,"Baykonur Kosmodrome, Kazakstan",Baykonur Kosmodrome,Proton-M,Success,Heavy,,46.0,63.0
2026-029,2026-02-12,United States,United States,"Kennedy / Cape Canaveral, Florida",Kennedy / Cape Canaveral,Vulcan,Success,Heavy,,28.46,-80.54
2026-030,2026-02-12,France,NATO Ally,"Centre Spatial Guyanais, Kourou, Guyane Francaise",Centre Spatial Guyanais,Ariane 64,Success,Medium,,5.2333,-52.7517
2026-026,2026-02-11,United States,United States,"Vandenberg Space Force Base, California",Vandenberg Space Force Base,Falcon 9,Success,Medium,Yes,34.75,-120.62
2026-024,2026-02-07,China,China,"Jiuquan Space Center, Nei Monggol Zizhiqu, China",Jiuquan Space Center,Long March 2,Success,Medium,,41.31,100.31
2026-025,2026-02-07,United States,United States,"Vandenberg Space Force Base, California",Vandenberg Space Force Base,Falcon 9,Success,Medium,Yes,34.75,-120.62
2026-023,2026-02-05,Russia/Soviet Union,Russia/Soviet Union,"Plesetsk Kosmodrome, Russia",Plesetsk Kosmodrome,Soyuz-2,Success,Medium,,63.0,41.1
2026-022,2026-02-02,United States,United States,"Vandenberg Space Force Base, California",Vandenberg Space Force Base,Falcon 9,Success,Medium,Yes,34.75,-120.62
2026-021,2026-01-31,China,China,"Jiuquan Space Center, Nei Monggol Zizhiqu, China",Jiuquan Space Center,Long March 2,Success,Medium,,41.31,100.31
2026-019,2026-01-30,New Zealand,Major Non-NATO Ally,"Rocket Lab Launch Complex 1, Onenui Station, Mahia Peninsula",Rocket Lab Launch Complex 1,Electron,Success,Small,,-39.2609,177.8655
2026-020,2026-01-30,United States,United States,"Kennedy / Cape Canaveral, Florida",Kennedy / Cape Canaveral,Falcon 9,Success,Medium,Yes,28.46,-80.54
2026-018,2026-01-29,United States,United States,"Vandenberg Space Force Base, California",Vandenberg Space Force Base,Falcon 9,Success,Medium,Yes,34.75,-120.62
2026-017,2026-01-28,United States,United States,"Kennedy / Cape Canaveral, Florida",Kennedy / Cape Canaveral,Falcon 9,Success,Medium,,28.46,-80.54
2026-016,2026-01-25,United States,United States,"Vandenberg Space Force Base, California",Vandenberg Space Force Base,Falcon 9,Success,Medium,Yes,34.75,-120.62
2026-014,2026-01-22,United States,United States,"Vandenberg Space Force Base, California",Vandenberg Space Force Base,Falcon 9,Success,Medium,Yes,34.75,-120.62
2026-015,2026-01-22,New Zealand,Major Non-NATO Ally,"Rocket Lab Launch Complex 1, Onenui Station, Mahia Peninsula",Rocket Lab Launch Complex 1,Electron,Success,Small,,-39.2609,177.8655
2026-013,2026-01-19,China,China,Hainan Shangye Hangtian Fashe Chang (Hainan Commercial Space Launch Site),Hainan Commercial Space Launch Site,Chang Zheng 12,Success,Medium,,19.5968,110.9308
2026-012,2026-01-18,United States,United States,"Kennedy / Cape Canaveral, Florida",Kennedy / Cape Canaveral,Falcon 9,Success,Medium,Yes,28.46,-80.54
2026-011,2026-01-17,United States,United States,"Vandenberg Space Force Base, California",Vandenberg Space Force Base,Falcon 9,Success,Medium,,34.75,-120.62
2026-F03,2026-01-17,China,China,"Jiuquan Space Center, Nei Monggol Zizhiqu, China",Jiuquan Space Center,Gushenxing-2,Failure,Undetermined,,41.31,100.31
2026-F02,2026-01-16,China,China,"Xichang Space Center (Songlin), Sichuan, China",Xichang Space Center (Songlin),Long March 3,Failure,Medium,,28.2472,102.0291
2026-009,2026-01-15,China,China,"Jiuquan Space Center, Nei Monggol Zizhiqu, China",Jiuquan Space Center,Long March 2,Success,Medium,,41.31,100.31
2026-010,2026-01-15,China,China,Huang Hai CZ-11 launch zone,Huang Hai CZ-11 launch zone,Gushenxing 1,Success,Small,,34.9,121.19
2026-008,2026-01-14,United States,United States,"Kennedy / Cape Canaveral, Florida",Kennedy / Cape Canaveral,Falcon 9,Success,Medium,Yes,28.46,-80.54
2026-006,2026-01-13,China,China,Taiyuan weixing fashe zhongxin,Taiyuan weixing fashe zhongxin,Long March 6,Success,Medium,,37.5,112.6
2026-007,2026-01-13,China,China,Hainan Shangye Hangtian Fashe Chang (Hainan Commercial Space Launch Site),Hainan Commercial Space Launch Site,Chang Zheng 8A,Success,Undetermined,,19.5968,110.9308
2026-005,2026-01-12,United States,United States,"Kennedy / Cape Canaveral, Florida",Kennedy / Cape Canaveral,Falcon 9,Success,Medium,Yes,28.46,-80.54
2026-F01,2026-01-12,India,Other,"Satish Dhawan Space Ctr, Sriharikota, Andhra Pradesh, India",Satish Dhawan Space Ctr,PSLV,Failure,Medium,,13.621,80.303
2026-004,2026-01-11,United States,United States,"Vandenberg Space Force Base, California",Vandenberg Space Force Base,Falcon 9,Success,Medium,,34.75,-120.62
2026-003,2026-01-09,United States,United States,"Kennedy / Cape Canaveral, Florida",Kennedy / Cape Canaveral,Falcon 9,Success,Medium,Yes,28.46,-80.54
2026-002,2026-01-04,United States,United States,"Kennedy / Cape Canaveral, Florida",Kennedy / Cape Canaveral,Falcon 9,Success,Medium,Yes,28.46,-80.54
2026-001,2026-01-03,United States,United States,"Vandenberg Space Force Base, California",Vandenberg Space Force Base,Falcon 9,Success,Medium,,34.75,-120.62
2025-314,2025-12-30,China,China,"Jiuquan Space Center, Nei Monggol Zizhiqu, China",Jiuquan Space Center,Long March 4,Success,Medium,,41.31,100.31
2025-315,2025-12-30,China,China,"Wenchang Space Center, Hainan",Wenchang Space Center,Long March 7,Success,Medium,,19.6142,110.9511
2025-313,2025-12-28,Russia/Soviet Union,Russia/Soviet Union,"Vostochniy, Svobodniy, Amurskaya Oblast', Rossiya",Vostochniy,Soyuz-2,Success,Medium,,51.7,128.0
2025-312,2025-12-26,China,China,"Xichang Space Center (Songlin), Sichuan, China",Xichang Space Center (Songlin),Long March 3,Success,Medium,,28.2472,102.0291
2025-310,2025-12-25,Russia/Soviet Union,Russia/Soviet Union,"Plesetsk Kosmodrome, Russia",Plesetsk Kosmodrome,Soyuz-2,Success,Medium,,63.0,41.1
2025-311,2025-12-25,China,China,Hainan Shangye Hangtian Fashe Chang (Hainan Commercial Space Launch Site),Hainan Commercial Space Launch Site,Chang Zheng 8A,Success,Undetermined,,19.5968,110.9308
2025-309,2025-12-24,India,Other,"Satish Dhawan Space Ctr, Sriharikota, Andhra Pradesh, India",Satish Dhawan Space Ctr,LVM3,Success,Medium,,13.621,80.303
2025-308,2025-12-23,China,China,"Jiuquan Space Center, Nei Monggol Zizhiqu, China",Jiuquan Space Center,Chang Zheng 12A,Success,Undetermined,,41.31,100.31
2025-F09,2025-12-23,Brazil,Major Non-NATO Ally,"CLA, Alcantara Space Center",CLA,HANBIT-NANO,Failure,Undetermined,,-2.317,-44.3671
2025-U06,2025-12-22,Japan,Major Non-NATO Ally,"Tanegashima Space Center, Tanegashima, Nippon",Tanegashima Space Center,H3-22S,Failure,Medium,,30.4,130.97
2025-307,2025-12-21,New Zealand,Major Non-NATO Ally,"Rocket Lab Launch Complex 1, Onenui Station, Mahia Peninsula",Rocket Lab Launch Complex 1,Electron,Success,Small,,-39.2609,177.8655
2025-306,2025-12-20,China,China,"Wenchang Space Center, Hainan",Wenchang Space Center,Long March 5,Success,Medium,,19.6142,110.9511
2025-305,2025-12-18,United States,United States,"Wallops Island, Virginia",Wallops Island,Electron,Success,Small,,37.83,-75.48
2025-302,2025-12-17,France,NATO Ally,"Centre Spatial Guyanais, Kourou, Guyane Francaise",Centre Spatial Guyanais,Ariane 62,Success,Medium,,5.2333,-52.7517
2025-303,2025-12-17,United States,United States,"Kennedy / Cape Canaveral, Florida",Kennedy / Cape Canaveral,Falcon 9,Success,Medium,Yes,28.46,-80.54
2025-304,2025-12-17,United States,United States,"Vandenberg Space Force Base, California",Vandenberg Space Force Base,Falcon 9,Success,Medium,Yes,34.75,-120.62
2025-300,2025-12-16,China,China,Taiyuan weixing fashe zhongxin,Taiyuan weixing fashe zhongxin,Long March 4,Success,Medium,,37.5,112.6
2025-301,2025-12-16,United States,United States,"Kennedy / Cape Canaveral, Florida",Kennedy / Cape Canaveral,Atlas V,Success,Medium,,28.46,-80.54
2025-299,2025-12-15,United States,United States,"Kennedy / Cape Canaveral, Florida",Kennedy / Cape Canaveral,Falcon 9,Success,Medium,Yes,28.46,-80.54
2025-297,2025-12-14,New Zealand,Major Non-NATO Ally,"Rocket Lab Launch Complex 1, Onenui Station, Mahia Peninsula",Rocket Lab Launch Complex 1,Electron,Success,Small,,-39.2609,177.8655
2025-298,2025-12-14,United States,United States,"Vandenberg Space Force Base, California",Vandenberg Space Force Base,Falcon 9,Success,Medium,Yes,34.75,-120.62
2025-296,2025-12-13,China,China,"Jiuquan Space Center, Nei Monggol Zizhiqu, China",Jiuquan Space Center,Kuaizhou-11,Success,Small,,41.31,100.31
2025-294,2025-12-11,United States,United States,"Kennedy / Cape Canaveral, Florida",Kennedy / Cape Canaveral,Falcon 9,Success,Medium,Yes,28.46,-80.54
2025-295,2025-12-11,China,China,Hainan Shangye Hangtian Fashe Chang (Hainan Commercial Space Launch Site),Hainan Commercial Space Launch Site,Chang Zheng 12,Success,Medium,,19.5968,110.9308
2025-292,2025-12-10,China,China,"Jiuquan Space Center, Nei Monggol Zizhiqu, China",Jiuquan Space Center,Lijian-1,Success,Medium,,41.31,100.31
2025-293,2025-12-10,United States,United States,"Vandenberg Space Force Base, California",Vandenberg Space Force Base,Falcon 9,Success,Medium,Yes,34.75,-120.62
2025-289,2025-12-09,China,China,"Jiuquan Space Center, Nei Monggol Zizhiqu, China",Jiuquan Space Center,Long March 4,Success,Medium,,41.31,100.31
2025-290,2025-12-09,China,China,"Xichang Space Center (Songlin), Sichuan, China",Xichang Space Center (Songlin),Long March 3,Success,Medium,,28.2472,102.0291
2025-291,2025-12-09,United States,United States,"Kennedy / Cape Canaveral, Florida",Kennedy / Cape Canaveral,Falcon 9,Success,Medium,,28.46,-80.54
2025-287,2025-12-08,China,China,Taiyuan weixing fashe zhongxin,Taiyuan weixing fashe zhongxin,Long March 6,Success,Medium,,37.5,112.6
2025-288,2025-12-08,United States,United States,"Kennedy / Cape Canaveral, Florida",Kennedy / Cape Canaveral,Falcon 9,Success,Medium,Yes,28.46,-80.54
2025-286,2025-12-07,United States,United States,"Vandenberg Space Force Base, California",Vandenberg Space Force Base,Falcon 9,Success,Medium,Yes,34.75,-120.62
2025-285,2025-12-06,China,China,Hainan Shangye Hangtian Fashe Chang (Hainan Commercial Space Launch Site),Hainan Commercial Space Launch Site,Chang Zheng 8A,Success,Undetermined,,19.5968,110.9308
2025-284,2025-12-05,China,China,"Jiuquan Space Center, Nei Monggol Zizhiqu, China",Jiuquan Space Center,Kuaizhou-1A,Success,Small,,41.31,100.31
2025-283,2025-12-04,United States,United States,"Vandenberg Space Force Base, California",Vandenberg Space Force Base,Falcon 9,Success,Medium,Yes,34.75,-120.62
2025-282,2025-12-03,China,China,"Jiuquan Space Center, Nei Monggol Zizhiqu, China",Jiuquan Space Center,Zhuque-3,Success,Undetermined,,41.31,100.31
2025-280,2025-12-02,United States,United States,"Vandenberg Space Force Base, California",Vandenberg Space Force Base,Falcon 9,Success,Medium,Yes,34.75,-120.62
2025-281,2025-12-02,United States,United States,"Kennedy / Cape Canaveral, Florida",Kennedy / Cape Canaveral,Falcon 9,Success,Medium,Yes,28.46,-80.54
2025-278,2025-12-01,United States,United States,"Kennedy / Cape Canaveral, Florida",Kennedy / Cape Canaveral,Falcon 9,Success,Medium,Yes,28.46,-80.54
2025-279,2025-12-01,France,NATO Ally,"Centre Spatial Guyanais, Kourou, Guyane Francaise",Centre Spatial Guyanais,Vega C,Success,Medium,,5.2333,-52.7517
2025-277,2025-11-30,China,China,"Wenchang Space Center, Hainan",Wenchang Space Center,Long March 7,Success,Medium,,19.6142,110.9511
2025-276,2025-11-28,United States,United States,"Vandenberg Space Force Base, California",Vandenberg Space Force Base,Falcon 9,Success,Medium,,34.75,-120.62
2025-275,2025-11-27,Russia/Soviet Union,Russia/Soviet Union,"Baykonur Kosmodrome, Kazakstan",Baykonur Kosmodrome,Soyuz-2,Success,Medium,,46.0,63.0
2025-274,2025-11-26,South Korea,Major Non-NATO Ally,"Naro Space Center (Naro Uju Senteo),Oenaro I,GoHeung, Jeollanam-do,Korea",Naro Space Center,Nuri,Success,Small,,34.4318,127.5363
2025-272,2025-11-25,China,China,"Jiuquan Space Center, Nei Monggol Zizhiqu, China",Jiuquan Space Center,Long March 2,Success,Medium,,41.31,100.31
2025-273,2025-11-25,Russia/Soviet Union,Russia/Soviet Union,"Plesetsk Kosmodrome, Russia",Plesetsk Kosmodrome,Angara-1.2,Success,Small,,63.0,41.1
2025-271,2025-11-23,United States,United States,"Vandenberg Space Force Base, California",Vandenberg Space Force Base,Falcon 9,Success,Medium,Yes,34.75,-120.62
2025-270,2025-11-22,United States,United States,"Kennedy / Cape Canaveral, Florida",Kennedy / Cape Canaveral,Falcon 9,Success,Medium,Yes,28.46,-80.54
2025-268,2025-11-21,United States,United States,"Kennedy / Cape Canaveral, Florida",Kennedy / Cape Canaveral,Falcon 9,Success,Medium,Yes,28.46,-80.54
2025-269,2025-11-21,China,China,"Xichang Space Center (Songlin), Sichuan, China",Xichang Space Center (Songlin),Long March 3,Success,Undetermined,,28.2472,102.0291
2025-267,2025-11-20,New Zealand,Major Non-NATO Ally,"Rocket Lab Launch Complex 1, Onenui Station, Mahia Peninsula",Rocket Lab Launch Complex 1,Electron,Success,Small,,-39.2609,177.8655
2025-265,2025-11-19,United States,United States,"Kennedy / Cape Canaveral, Florida",Kennedy / Cape Canaveral,Falcon 9,Success,Medium,Yes,28.46,-80.54
2025-266,2025-11-19,China,China,"Jiuquan Space Center, Nei Monggol Zizhiqu, China",Jiuquan Space Center,Long March 2,Success,Medium,,41.31,100.31
2025-264,2025-11-17,United States,United States,"Vandenberg Space Force Base, California",Vandenberg Space Force Base,Falcon 9,Success,Medium,,34.75,-120.62
2025-262,2025-11-15,United States,United States,"Kennedy / Cape Canaveral, Florida",Kennedy / Cape Canaveral,Falcon 9,Success,Medium,Yes,28.46,-80.54
2025-263,2025-11-15,United States,United States,"Kennedy / Cape Canaveral, Florida",Kennedy / Cape Canaveral,Falcon 9,Success,Medium,Yes,28.46,-80.54
2025-261,2025-11-14,United States,United States,"Kennedy / Cape Canaveral, Florida",Kennedy / Cape Canaveral,Atlas V,Success,Medium,,28.46,-80.54
2025-260,2025-11-13,United States,United States,"Kennedy / Cape Canaveral, Florida",Kennedy / Cape Canaveral,New Glenn,Success,Undetermined,,28.46,-80.54
2025-259,2025-11-11,United States,United States,"Kennedy / Cape Canaveral, Florida",Kennedy / Cape Canaveral,Falcon 9,Success,Medium,Yes,28.46,-80.54
2025-258,2025-11-10,China,China,Hainan Shangye Hangtian Fashe Chang (Hainan Commercial Space Launch Site),Hainan Commercial Space Launch Site,Chang Zheng 12,Success,Medium,,19.5968,110.9308
2025-U05,2025-11-10,China,China,"Jiuquan Space Center, Nei Monggol Zizhiqu, China",Jiuquan Space Center,Gushenxing 1,Failure,Small,,41.31,100.31
2025-256,2025-11-09,China,China,"Jiuquan Space Center, Nei Monggol Zizhiqu, China",Jiuquan Space Center,Lijian-1,Success,Medium,,41.31,100.31
2025-257,2025-11-09,United States,United States,"Kennedy / Cape Canaveral, Florida",Kennedy / Cape Canaveral,Falcon 9,Success,Medium,Yes,28.46,-80.54
2025-255,2025-11-08,China,China,Huang Hai CZ-11 launch zone,Huang Hai CZ-11 launch zone,Long March 11,Success,Small,,34.9,121.19
2025-253,2025-11-06,United States,United States,"Kennedy / Cape Canaveral, Florida",Kennedy / Cape Canaveral,Falcon 9,Success,Medium,Yes,28.46,-80.54
2025-254,2025-11-06,United States,United States,"Vandenberg Space Force Base, California",Vandenberg Space Force Base,Falcon 9,Success,Medium,Yes,34.75,-120.62
2025-252,2025-11-05,New Zealand,Major Non-NATO Ally,"Rocket Lab Launch Complex 1, Onenui Station, Mahia Peninsula",Rocket Lab Launch Complex 1,Electron,Success,Small,,-39.2609,177.8655
2025-251,2025-11-04,France,NATO Ally,"Centre Spatial Guyanais, Kourou, Guyane Francaise",Centre Spatial Guyanais,Ariane 62,Success,Medium,,5.2333,-52.7517
2025-250,2025-11-03,China,China,"Wenchang Space Center, Hainan",Wenchang Space Center,Long March 7,Success,Medium,,19.6142,110.9511
2025-248,2025-11-02,United States,United States,"Kennedy / Cape Canaveral, Florida",Kennedy / Cape Canaveral,Falcon 9,Success,Medium,,28.46,-80.54
2025-249,2025-11-02,India,Other,"Satish Dhawan Space Ctr, Sriharikota, Andhra Pradesh, India",Satish Dhawan Space Ctr,LVM3,Success,Medium,,13.621,80.303
2025-246,2025-10-31,China,China,"Jiuquan Space Center, Nei Monggol Zizhiqu, China",Jiuquan Space Center,Long March 2,Success,Medium,,41.31,100.31
2025-247,2025-10-31,United States,United States,"Vandenberg Space Force Base, California",Vandenberg Space Force Base,Falcon 9,Success,Medium,Yes,34.75,-120.62
2025-245,2025-10-29,United States,United States,"Kennedy / Cape Canaveral, Florida",Kennedy / Cape Canaveral,Falcon 9,Success,Medium,Yes,28.46,-80.54
2025-244,2025-10-28,United States,United States,"Vandenberg Space Force Base, California",Vandenberg Space Force Base,Falcon 9,Success,Medium,Yes,34.75,-120.62
2025-241,2025-10-26,Japan,Major Non-NATO Ally,"Tanegashima Space Center, Tanegashima, Nippon",Tanegashima Space Center,H3-24W,Success,Undetermined,,30.4,130.97
2025-242,2025-10-26,China,China,"Xichang Space Center (Songlin), Sichuan, China",Xichang Space Center (Songlin),Long March 3,Success,Medium,,28.2472,102.0291
2025-243,2025-10-26,United States,United States,"Kennedy / Cape Canaveral, Florida",Kennedy / Cape Canaveral,Falcon 9,Success,Medium,Yes,28.46,-80.54
2025-240,2025-10-25,United States,United States,"Vandenberg Space Force Base, California",Vandenberg Space Force Base,Falcon 9,Success,Medium,Yes,34.75,-120.62
2025-239,2025-10-24,United States,United States,"Kennedy / Cape Canaveral, Florida",Kennedy / Cape Canaveral,Falcon 9,Success,Medium,,28.46,-80.54
2025-238,2025-10-23,China,China,"Wenchang Space Center, Hainan",Wenchang Space Center,Long March 5,Success,Medium,,19.6142,110.9511
2025-237,2025-10-22,United States,United States,"Vandenberg Space Force Base, California",Vandenberg Space Force Base,Falcon 9,Success,Medium,Yes,34.75,-120.62
2025-234,2025-10-19,China,China,"Jiuquan Space Center, Nei Monggol Zizhiqu, China",Jiuquan Space Center,Lijian-1,Success,Medium,,41.31,100.31
2025-235,2025-10-19,United States,United States,"Kennedy / Cape Canaveral, Florida",Kennedy / Cape Canaveral,Falcon 9,Success,Medium,Yes,28.46,-80.54
2025-236,2025-10-19,United States,United States,"Vandenberg Space Force Base, California",Vandenberg Space Force Base,Falcon 9,Success,Medium,Yes,34.75,-120.62
2025-233,2025-10-17,China,China,Taiyuan weixing fashe zhongxin,Taiyuan weixing fashe zhongxin,Long March 6,Success,Medium,,37.5,112.6
2025-231,2025-10-16,China,China,Hainan Shangye Hangtian Fashe Chang (Hainan Commercial Space Launch Site),Hainan Commercial Space Launch Site,Chang Zheng 8A,Success,Undetermined,,19.5968,110.9308
2025-232,2025-10-16,United States,United States,"Kennedy / Cape Canaveral, Florida",Kennedy / Cape Canaveral,Falcon 9,Success,Medium,Yes,28.46,-80.54
2025-230,2025-10-15,United States,United States,"Vandenberg Space Force Base, California",Vandenberg Space Force Base,Falcon 9,Success,Medium,,34.75,-120.62
2025-228,2025-10-14,United States,United States,"Kennedy / Cape Canaveral, Florida",Kennedy / Cape Canaveral,Falcon 9,Success,Medium,,28.46,-80.54
2025-229,2025-10-14,New Zealand,Major Non-NATO Ally,"Rocket Lab Launch Complex 1, Onenui Station, Mahia Peninsula",Rocket Lab Launch Complex 1,Electron,Success,Small,,-39.2609,177.8655
2025-227,2025-10-13,China,China,"Jiuquan Space Center, Nei Monggol Zizhiqu, China",Jiuquan Space Center,Long March 2,Success,Medium,,41.31,100.31
2025-U04,2025-10-13,United States,United States,"Starbase, Boca Chica Beach, Texas",Starbase,Starship,Success,Super Heavy,,25.9964,-97.1536
2025-226,2025-10-11,China,China,Huang Hai CZ-11 launch zone,Huang Hai CZ-11 launch zone,Yinli-1,Success,Medium,,34.9,121.19
2025-225,2025-10-08,United States,United States,"Vandenberg Space Force Base, California",Vandenberg Space Force Base,Falcon 9,Success,Medium,Yes,34.75,-120.62
2025-224,2025-10-07,United States,United States,"Kennedy / Cape Canaveral, Florida",Kennedy / Cape Canaveral,Falcon 9,Success,Medium,Yes,28.46,-80.54
2025-223,2025-10-03,United States,United States,"Vandenberg Space Force Base, California",Vandenberg Space Force Base,Falcon 9,Success,Medium,Yes,34.75,-120.62
2025-221,2025-09-29,United States,United States,"Vandenberg Space Force Base, California",Vandenberg Space Force Base,Falcon 9,Success,Medium,Yes,34.75,-120.62
2025-222,2025-09-29,China,China,"Xichang Space Center (Songlin), Sichuan, China",Xichang Space Center (Songlin),Long March 2,Success,Medium,,28.2472,102.0291
2025-220,2025-09-27,China,China,Taiyuan weixing fashe zhongxin,Taiyuan weixing fashe zhongxin,Long March 6,Success,Medium,,37.5,112.6
2025-218,2025-09-26,United States,United States,"Vandenberg Space Force Base, California",Vandenberg Space Force Base,Falcon 9,Success,Medium,Yes,34.75,-120.62
2025-219,2025-09-26,China,China,"Jiuquan Space Center, Nei Monggol Zizhiqu, China",Jiuquan Space Center,Long March 4,Success,Medium,,41.31,100.31
2025-216,2025-09-25,United States,United States,"Kennedy / Cape Canaveral, Florida",Kennedy / Cape Canaveral,Falcon 9,Success,Medium,Yes,28.46,-80.54
2025-217,2025-09-25,United States,United States,"Kennedy / Cape Canaveral, Florida",Kennedy / Cape Canaveral,Atlas V,Success,Medium,,28.46,-80.54
2025-214,2025-09-24,China,China,Huang Hai CZ-11 launch zone,Huang Hai CZ-11 launch zone,Jielong-3,Success,Small,,34.9,121.19
2025-215,2025-09-24,United States,United States,"Kennedy / Cape Canaveral, Florida",Kennedy / Cape Canaveral,Falcon 9,Success,Medium,,28.46,-80.54
2025-213,2025-09-22,United States,United States,"Vandenberg Space Force Base, California",Vandenberg Space Force Base,Falcon 9,Success,Medium,,34.75,-120.62
2025-212,2025-09-21,United States,United States,"Kennedy / Cape Canaveral, Florida",Kennedy / Cape Canaveral,Falcon 9,Success,Medium,Yes,28.46,-80.54
2025-211,2025-09-19,United States,United States,"Vandenberg Space Force Base, California",Vandenberg Space Force Base,Falcon 9,Success,Medium,Yes,34.75,-120.62
2025-210,2025-09-18,United States,United States,"Kennedy / Cape Canaveral, Florida",Kennedy / Cape Canaveral,Falcon 9,Success,Medium,Yes,28.46,-80.54
2025-F08,2025-09-18,Iran,Other,"Semnan missile launch site, Iran",Semnan missile launch site,Zoljanah,Failure,Undetermined,,35.2347,53.921
2025-209,2025-09-16,China,China,"Jiuquan Space Center, Nei Monggol Zizhiqu, China",Jiuquan Space Center,Long March 2,Success,Medium,,41.31,100.31
2025-208,2025-09-14,United States,United States,"Kennedy / Cape Canaveral, Florida",Kennedy / Cape Canaveral,Falcon 9,Success,Medium,,28.46,-80.54
2025-206,2025-09-13,Russia/Soviet Union,Russia/Soviet Union,"Plesetsk Kosmodrome, Russia",Plesetsk Kosmodrome,Soyuz-2,Success,Medium,,63.0,41.1
2025-207,2025-09-13,United States,United States,"Vandenberg Space Force Base, California",Vandenberg Space Force Base,Falcon 9,Success,Medium,Yes,34.75,-120.62
2025-205,2025-09-12,United States,United States,"Kennedy / Cape Canaveral, Florida",Kennedy / Cape Canaveral,Falcon 9,Success,Medium,,28.46,-80.54
2025-204,2025-09-11,Russia/Soviet Union,Russia/Soviet Union,"Baykonur Kosmodrome, Kazakstan",Baykonur Kosmodrome,Soyuz-2,Success,Medium,,46.0,63.0
2025-203,2025-09-10,United States,United States,"Vandenberg Space Force Base, California",Vandenberg Space Force Base,Falcon 9,Success,Medium,,34.75,-120.62
2025-202,2025-09-09,China,China,"Wenchang Space Center, Hainan",Wenchang Space Center,Long March 7,Success,Medium,,19.6142,110.9511
2025-201,2025-09-08,China,China,Huang Hai CZ-11 launch zone,Huang Hai CZ-11 launch zone,Jielong-3,Success,Small,,34.9,121.19
2025-199,2025-09-06,China,China,Taiyuan weixing fashe zhongxin,Taiyuan weixing fashe zhongxin,Long March 6,Success,Medium,,37.5,112.6
2025-200,2025-09-06,United States,United States,"Vandenberg Space Force Base, California",Vandenberg Space Force Base,Falcon 9,Success,Medium,Yes,34.75,-120.62
2025-196,2025-09-05,China,China,"Xichang Space Center (Songlin), Sichuan, China",Xichang Space Center (Songlin),Long March 3,Success,Medium,,28.2472,102.0291
2025-197,2025-09-05,China,China,"Jiuquan Space Center, Nei Monggol Zizhiqu, China",Jiuquan Space Center,Gushenxing 1,Success,Small,,41.31,100.31
2025-198,2025-09-05,United States,United States,"Kennedy / Cape Canaveral, Florida",Kennedy / Cape Canaveral,Falcon 9,Success,Medium,Yes,28.46,-80.54
2025-194,2025-09-03,United States,United States,"Vandenberg Space Force Base, California",Vandenberg Space Force Base,Falcon 9,Success,Medium,Yes,34.75,-120.62
2025-195,2025-09-03,United States,United States,"Kennedy / Cape Canaveral, Florida",Kennedy / Cape Canaveral,Falcon 9,Success,Medium,Yes,28.46,-80.54
2025-193,2025-09-02,Israel,Major Non-NATO Ally,"Israeli Air Force Test Range, Palmachim Beach, Israel",Israeli Air Force Test Range,Shavit 2,Success,Small,,31.9,34.7
2025-192,2025-08-31,United States,United States,"Kennedy / Cape Canaveral, Florida",Kennedy / Cape Canaveral,Falcon 9,Success,Medium,Yes,28.46,-80.54
2025-191,2025-08-30,United States,United States,"Vandenberg Space Force Base, California",Vandenberg Space Force Base,Falcon 9,Success,Medium,Yes,34.75,-120.62
2025-190,2025-08-28,United States,United States,"Kennedy / Cape Canaveral, Florida",Kennedy / Cape Canaveral,Falcon 9,Success,Medium,Yes,28.46,-80.54
2025-189,2025-08-27,United States,United States,"Kennedy / Cape Canaveral, Florida",Kennedy / Cape Canaveral,Falcon 9,Success,Medium,Yes,28.46,-80.54
2025-188,2025-08-26,United States,United States,"Vandenberg Space Force Base, California",Vandenberg Space Force Base,Falcon 9,Success,Medium,,34.75,-120.62
2025-U03,2025-08-26,United States,United States,"Starbase, Boca Chica Beach, Texas",Starbase,Starship,Success,Super Heavy,,25.9964,-97.1536
2025-187,2025-08-25,China,China,Hainan Shangye Hangtian Fashe Chang (Hainan Commercial Space Launch Site),Hainan Commercial Space Launch Site,Chang Zheng 8A,Success,Undetermined,,19.5968,110.9308
2025-186,2025-08-24,United States,United States,"Kennedy / Cape Canaveral, Florida",Kennedy / Cape Canaveral,Falcon 9,Success,Medium,,28.46,-80.54
2025-185,2025-08-23,New Zealand,Major Non-NATO Ally,"Rocket Lab Launch Complex 1, Onenui Station, Mahia Peninsula",Rocket Lab Launch Complex 1,Electron,Success,Small,,-39.2609,177.8655
2025-183,2025-08-22,United States,United States,"Kennedy / Cape Canaveral, Florida",Kennedy / Cape Canaveral,Falcon 9,Success,Medium,,28.46,-80.54
2025-184,2025-08-22,United States,United States,"Vandenberg Space Force Base, California",Vandenberg Space Force Base,Falcon 9,Success,Medium,Yes,34.75,-120.62
2025-182,2025-08-21,Russia/Soviet Union,Russia/Soviet Union,"Plesetsk Kosmodrome, Russia",Plesetsk Kosmodrome,Angara-1.2,Success,Small,,63.0,41.1
2025-181,2025-08-20,Russia/Soviet Union,Russia/Soviet Union,"Baykonur Kosmodrome, Kazakstan",Baykonur Kosmodrome,Soyuz-2,Success,Medium,,46.0,63.0
2025-180,2025-08-19,China,China,"Jiuquan Space Center, Nei Monggol Zizhiqu, China",Jiuquan Space Center,Lijian-1,Success,Medium,,41.31,100.31
2025-179,2025-08-18,United States,United States,"Vandenberg Space Force Base, California",Vandenberg Space Force Base,Falcon 9,Success,Medium,Yes,34.75,-120.62
2025-177,2025-08-17,China,China,"Xichang Space Center (Songlin), Sichuan, China",Xichang Space Center (Songlin),Long March 4,Success,Medium,,28.2472,102.0291
2025-178,2025-08-17,China,China,Taiyuan weixing fashe zhongxin,Taiyuan weixing fashe zhongxin,Long March 6,Success,Medium,,37.5,112.6
2025-F07,2025-08-15,China,China,"Jiuquan Space Center, Nei Monggol Zizhiqu, China",Jiuquan Space Center,Zhuque-2E,Failure,Undetermined,,41.31,100.31
2025-175,2025-08-14,United States,United States,"Vandenberg Space Force Base, California",Vandenberg Space Force Base,Falcon 9,Success,Medium,Yes,34.75,-120.62
2025-176,2025-08-14,United States,United States,"Kennedy / Cape Canaveral, Florida",Kennedy / Cape Canaveral,Falcon 9,Success,Medium,Yes,28.46,-80.54
2025-172,2025-08-13,France,NATO Ally,"Centre Spatial Guyanais, Kourou, Guyane Francaise",Centre Spatial Guyanais,Ariane 62,Success,Medium,,5.2333,-52.7517
2025-173,2025-08-13,United States,United States,"Kennedy / Cape Canaveral, Florida",Kennedy / Cape Canaveral,Vulcan,Success,Heavy,,28.46,-80.54
2025-174,2025-08-13,China,China,"Wenchang Space Center, Hainan",Wenchang Space Center,Chang Zheng 5B/YZ-2,Success,Heavy,,19.6142,110.9511
2025-171,2025-08-11,United States,United States,"Kennedy / Cape Canaveral, Florida",Kennedy / Cape Canaveral,Falcon 9,Success,Medium,,28.46,-80.54
2025-170,2025-08-08,China,China,Huang Hai CZ-11 launch zone,Huang Hai CZ-11 launch zone,Jielong-3,Success,Small,,34.9,121.19
2025-169,2025-08-05,New Zealand,Major Non-NATO Ally,"Rocket Lab Launch Complex 1, Onenui Station, Mahia Peninsula",Rocket Lab Launch Complex 1,Electron,Success,Small,,-39.2609,177.8655
2025-167,2025-08-04,United States,United States,"Kennedy / Cape Canaveral, Florida",Kennedy / Cape Canaveral,Falcon 9,Success,Medium,Yes,28.46,-80.54
2025-168,2025-08-04,China,China,Hainan Shangye Hangtian Fashe Chang (Hainan Commercial Space Launch Site),Hainan Commercial Space Launch Site,Chang Zheng 12,Success,Medium,,19.5968,110.9308
2025-166,2025-08-01,United States,United States,"Kennedy / Cape Canaveral, Florida",Kennedy / Cape Canaveral,Falcon 9,Success,Medium,,28.46,-80.54
2025-164,2025-07-31,China,China,"Xichang Space Center (Songlin), Sichuan, China",Xichang Space Center (Songlin),Kuaizhou-1A,Success,Small,,28.2472,102.0291
2025-165,2025-07-31,United States,United States,"Vandenberg Space Force Base, California",Vandenberg Space Force Base,Falcon 9,Success,Medium,Yes,34.75,-120.62
2025-161,2025-07-30,United States,United States,"Kennedy / Cape Canaveral, Florida",Kennedy / Cape Canaveral,Falcon 9,Success,Medium,Yes,28.46,-80.54
2025-162,2025-07-30,China,China,Hainan Shangye Hangtian Fashe Chang (Hainan Commercial Space Launch Site),Hainan Commercial Space Launch Site,Chang Zheng 8A,Success,Undetermined,,19.5968,110.9308
2025-163,2025-07-30,India,Other,"Satish Dhawan Space Ctr, Sriharikota, Andhra Pradesh, India",Satish Dhawan Space Ctr,GSLV Mk II,Success,Medium,,13.621,80.303
2025-160,2025-07-29,China,China,"Jiuquan Space Center, Nei Monggol Zizhiqu, China",Jiuquan Space Center,Shuang Quxian 1,Success,Small,,41.31,100.31
2025-F06,2025-07-29,Australia,Major Non-NATO Ally,"Bowen Orbital Spaceport, Queensland",Bowen Orbital Spaceport,Eris Block 1,Failure,Undetermined,,-19.9582,148.1136
2025-158,2025-07-27,United States,United States,"Vandenberg Space Force Base, California",Vandenberg Space Force Base,Falcon 9,Success,Medium,Yes,34.75,-120.62
2025-159,2025-07-27,China,China,Taiyuan weixing fashe zhongxin,Taiyuan weixing fashe zhongxin,Long March 6,Success,Medium,,37.5,112.6
2025-156,2025-07-26,France,NATO Ally,"Centre Spatial Guyanais, Kourou, Guyane Francaise",Centre Spatial Guyanais,Vega C,Success,Medium,,5.2333,-52.7517
2025-157,2025-07-26,United States,United States,"Kennedy / Cape Canaveral, Florida",Kennedy / Cape Canaveral,Falcon 9,Success,Medium,Yes,28.46,-80.54
2025-155,2025-07-25,Russia/Soviet Union,Russia/Soviet Union,"Vostochniy, Svobodniy, Amurskaya Oblast', Rossiya",Vostochniy,Soyuz-2,Success,Medium,,51.7,128.0
2025-154,2025-07-23,United States,United States,"Vandenberg Space Force Base, California",Vandenberg Space Force Base,Falcon 9,Success,Medium,,34.75,-120.62
2025-153,2025-07-22,United States,United States,"Kennedy / Cape Canaveral, Florida",Kennedy / Cape Canaveral,Falcon 9,Success,Medium,,28.46,-80.54
2025-152,2025-07-19,United States,United States,"Vandenberg Space Force Base, California",Vandenberg Space Force Base,Falcon 9,Success,Medium,Yes,34.75,-120.62
2025-150,2025-07-16,United States,United States,"Vandenberg Space Force Base, California",Vandenberg Space Force Base,Falcon 9,Success,Medium,Yes,34.75,-120.62
2025-151,2025-07-16,United States,United States,"Kennedy / Cape Canaveral, Florida",Kennedy / Cape Canaveral,Falcon 9,Success,Medium,,28.46,-80.54
2025-149,2025-07-14,China,China,"Wenchang Space Center, Hainan",Wenchang Space Center,Long March 7,Success,Medium,,19.6142,110.9511
2025-148,2025-07-13,United States,United States,"Kennedy / Cape Canaveral, Florida",Kennedy / Cape Canaveral,Falcon 9,Success,Medium,,28.46,-80.54
2025-147,2025-07-08,United States,United States,"Kennedy / Cape Canaveral, Florida",Kennedy / Cape Canaveral,Falcon 9,Success,Medium,Yes,28.46,-80.54
2025-145,2025-07-03,China,China,"Xichang Space Center (Songlin), Sichuan, China",Xichang Space Center (Songlin),Long March 4,Success,Medium,,28.2472,102.0291
2025-146,2025-07-03,Russia/Soviet Union,Russia/Soviet Union,"Baykonur Kosmodrome, Kazakstan",Baykonur Kosmodrome,Soyuz-2,Success,Medium,,46.0,63.0
2025-144,2025-07-02,United States,United States,"Kennedy / Cape Canaveral, Florida",Kennedy / Cape Canaveral,Falcon 9,Success,Medium,Yes,28.46,-80.54
2025-143,2025-07-01,United States,United States,"Kennedy / Cape Canaveral, Florida",Kennedy / Cape Canaveral,Falcon 9,Success,Medium,,28.46,-80.54
2025-139,2025-06-28,United States,United States,"Kennedy / Cape Canaveral, Florida",Kennedy / Cape Canaveral,Falcon 9,Success,Medium,Yes,28.46,-80.54
2025-140,2025-06-28,New Zealand,Major Non-NATO Ally,"Rocket Lab Launch Complex 1, Onenui Station, Mahia Peninsula",Rocket Lab Launch Complex 1,Electron,Success,Small,,-39.2609,177.8655
2025-141,2025-06-28,Japan,Major Non-NATO Ally,"Tanegashima Space Center, Tanegashima, Nippon",Tanegashima Space Center,H-II,Success,Medium,,30.4,130.97
2025-142,2025-06-28,United States,United States,"Vandenberg Space Force Base, California",Vandenberg Space Force Base,Falcon 9,Success,Medium,Yes,34.75,-120.62
2025-138,2025-06-26,New Zealand,Major Non-NATO Ally,"Rocket Lab Launch Complex 1, Onenui Station, Mahia Peninsula",Rocket Lab Launch Complex 1,Electron,Success,Small,,-39.2609,177.8655
2025-136,2025-06-25,United States,United States,"Kennedy / Cape Canaveral, Florida",Kennedy / Cape Canaveral,Falcon 9,Success,Medium,,28.46,-80.54
2025-137,2025-06-25,United States,United States,"Kennedy / Cape Canaveral, Florida",Kennedy / Cape Canaveral,Falcon 9,Success,Medium,Yes,28.46,-80.54
2025-133,2025-06-23,United States,United States,"Kennedy / Cape Canaveral, Florida",Kennedy / Cape Canaveral,Falcon 9,Success,Medium,Yes,28.46,-80.54
2025-134,2025-06-23,United States,United States,"Kennedy / Cape Canaveral, Florida",Kennedy / Cape Canaveral,Atlas V,Success,Medium,,28.46,-80.54
2025-135,2025-06-23,United States,United States,"Vandenberg Space Force Base, California",Vandenberg Space Force Base,Falcon 9,Success,Medium,,34.75,-120.62
2025-132,2025-06-20,China,China,"Xichang Space Center (Songlin), Sichuan, China",Xichang Space Center (Songlin),Long March 3,Success,Medium,,28.2472,102.0291
2025-131,2025-06-19,Russia/Soviet Union,Russia/Soviet Union,"Plesetsk Kosmodrome, Russia",Plesetsk Kosmodrome,Angara A5,Success,Heavy,,63.0,41.1
2025-130,2025-06-18,United States,United States,"Kennedy / Cape Canaveral, Florida",Kennedy / Cape Canaveral,Falcon 9,Success,Medium,Yes,28.46,-80.54
2025-129,2025-06-17,United States,United States,"Vandenberg Space Force Base, California",Vandenberg Space Force Base,Falcon 9,Success,Medium,Yes,34.75,-120.62
2025-128,2025-06-14,China,China,"Jiuquan Space Center, Nei Monggol Zizhiqu, China",Jiuquan Space Center,Long March 2,Success,Medium,,41.31,100.31
2025-126,2025-06-13,United States,United States,"Vandenberg Space Force Base, California",Vandenberg Space Force Base,Falcon 9,Success,Medium,Yes,34.75,-120.62
2025-127,2025-06-13,United States,United States,"Kennedy / Cape Canaveral, Florida",Kennedy / Cape Canaveral,Falcon 9,Success,Medium,Yes,28.46,-80.54
2025-125,2025-06-11,New Zealand,Major Non-NATO Ally,"Rocket Lab Launch Complex 1, Onenui Station, Mahia Peninsula",Rocket Lab Launch Complex 1,Electron,Success,Small,,-39.2609,177.8655
2025-124,2025-06-10,United States,United States,"Kennedy / Cape Canaveral, Florida",Kennedy / Cape Canaveral,Falcon 9,Success,Medium,Yes,28.46,-80.54
2025-123,2025-06-08,United States,United States,"Vandenberg Space Force Base, California",Vandenberg Space Force Base,Falcon 9,Success,Medium,Yes,34.75,-120.62
2025-122,2025-06-07,United States,United States,"Kennedy / Cape Canaveral, Florida",Kennedy / Cape Canaveral,Falcon 9,Success,Medium,,28.46,-80.54
2025-121,2025-06-05,China,China,Taiyuan weixing fashe zhongxin,Taiyuan weixing fashe zhongxin,Long March 6,Success,Medium,,37.5,112.6
2025-120,2025-06-04,United States,United States,"Vandenberg Space Force Base, California",Vandenberg Space Force Base,Falcon 9,Success,Medium,Yes,34.75,-120.62
2025-119,2025-06-03,United States,United States,"Kennedy / Cape Canaveral, Florida",Kennedy / Cape Canaveral,Falcon 9,Success,Medium,Yes,28.46,-80.54
2025-118,2025-06-02,New Zealand,Major Non-NATO Ally,"Rocket Lab Launch Complex 1, Onenui Station, Mahia Peninsula",Rocket Lab Launch Complex 1,Electron,Success,Small,,-39.2609,177.8655
2025-117,2025-05-31,United States,United States,"Vandenberg Space Force Base, California",Vandenberg Space Force Base,Falcon 9,Success,Medium,Yes,34.75,-120.62
2025-116,2025-05-30,United States,United States,"Kennedy / Cape Canaveral, Florida",Kennedy / Cape Canaveral,Falcon 9,Success,Medium,,28.46,-80.54
2025-115,2025-05-29,China,China,"Jiuquan Space Center, Nei Monggol Zizhiqu, China",Jiuquan Space Center,Long March 4,Success,Medium,,41.31,100.31
2025-113,2025-05-28,United States,United States,"Kennedy / Cape Canaveral, Florida",Kennedy / Cape Canaveral,Falcon 9,Success,Medium,Yes,28.46,-80.54
2025-114,2025-05-28,China,China,"Xichang Space Center (Songlin), Sichuan, China",Xichang Space Center (Songlin),Long March 3,Success,Medium,,28.2472,102.0291
2025-112,2025-05-27,United States,United States,"Vandenberg Space Force Base, California",Vandenberg Space Force Base,Falcon 9,Success,Medium,Yes,34.75,-120.62
2025-U02,2025-05-27,United States,United States,"Starbase, Boca Chica Beach, Texas",Starbase,Starship,Success,Super Heavy,,25.9964,-97.1536
2025-111,2025-05-24,United States,United States,"Kennedy / Cape Canaveral, Florida",Kennedy / Cape Canaveral,Falcon 9,Success,Medium,Yes,28.46,-80.54
2025-109,2025-05-23,Russia/Soviet Union,Russia/Soviet Union,"Plesetsk Kosmodrome, Russia",Plesetsk Kosmodrome,Soyuz-2,Success,Medium,,63.0,41.1
2025-110,2025-05-23,United States,United States,"Vandenberg Space Force Base, California",Vandenberg Space Force Base,Falcon 9,Success,Medium,Yes,34.75,-120.62
2025-107,2025-05-21,United States,United States,"Kennedy / Cape Canaveral, Florida",Kennedy / Cape Canaveral,Falcon 9,Success,Medium,Yes,28.46,-80.54
2025-108,2025-05-21,China,China,"Jiuquan Space Center, Nei Monggol Zizhiqu, China",Jiuquan Space Center,Lijian-1,Success,Medium,,41.31,100.31
2025-106,2025-05-20,China,China,"Wenchang Space Center, Hainan",Wenchang Space Center,Long March 7,Success,Medium,,19.6142,110.9511
2025-105,2025-05-19,China,China,Huang Hai CZ-11 launch zone,Huang Hai CZ-11 launch zone,Gushenxing 1,Success,Small,,34.9,121.19
2025-F05,2025-05-18,India,Other,"Satish Dhawan Space Ctr, Sriharikota, Andhra Pradesh, India",Satish Dhawan Space Ctr,PSLV,Failure,Medium,,13.621,80.303
2025-103,2025-05-17,China,China,"Jiuquan Space Center, Nei Monggol Zizhiqu, China",Jiuquan Space Center,Zhuque-2E,Success,Undetermined,,41.31,100.31
2025-104,2025-05-17,New Zealand,Major Non-NATO Ally,"Rocket Lab Launch Complex 1, Onenui Station, Mahia Peninsula",Rocket Lab Launch Complex 1,Electron,Success,Small,,-39.2609,177.8655
2025-102,2025-05-16,United States,United States,"Vandenberg Space Force Base, California",Vandenberg Space Force Base,Falcon 9,Success,Medium,Yes,34.75,-120.62
2025-100,2025-05-14,China,China,"Jiuquan Space Center, Nei Monggol Zizhiqu, China",Jiuquan Space Center,Long March 2,Success,Medium,,41.31,100.31
2025-101,2025-05-14,United States,United States,"Kennedy / Cape Canaveral, Florida",Kennedy / Cape Canaveral,Falcon 9,Success,Medium,Yes,28.46,-80.54
2025-098,2025-05-13,United States,United States,"Vandenberg Space Force Base, California",Vandenberg Space Force Base,Falcon 9,Success,Medium,Yes,34.75,-120.62
2025-099,2025-05-13,United States,United States,"Kennedy / Cape Canaveral, Florida",Kennedy / Cape Canaveral,Falcon 9,Success,Medium,Yes,28.46,-80.54
2025-097,2025-05-12,China,China,"Xichang Space Center (Songlin), Sichuan, China",Xichang Space Center (Songlin),Long March 3,Success,Medium,,28.2472,102.0291
2025-096,2025-05-11,China,China,Taiyuan weixing fashe zhongxin,Taiyuan weixing fashe zhongxin,Long March 6,Success,Medium,,37.5,112.6
2025-094,2025-05-10,United States,United States,"Vandenberg Space Force Base, California",Vandenberg Space Force Base,Falcon 9,Success,Medium,Yes,34.75,-120.62
2025-095,2025-05-10,United States,United States,"Kennedy / Cape Canaveral, Florida",Kennedy / Cape Canaveral,Falcon 9,Success,Medium,Yes,28.46,-80.54
2025-093,2025-05-07,United States,United States,"Kennedy / Cape Canaveral, Florida",Kennedy / Cape Canaveral,Falcon 9,Success,Medium,Yes,28.46,-80.54
2025-092,2025-05-04,United States,United States,"Kennedy / Cape Canaveral, Florida",Kennedy / Cape Canaveral,Falcon 9,Success,Medium,Yes,28.46,-80.54
2025-091,2025-05-02,United States,United States,"Kennedy / Cape Canaveral, Florida",Kennedy / Cape Canaveral,Falcon 9,Success,Medium,Yes,28.46,-80.54
2025-089,2025-04-29,United States,United States,"Kennedy / Cape Canaveral, Florida",Kennedy / Cape Canaveral,Falcon 9,Success,Medium,Yes,28.46,-80.54
2025-090,2025-04-29,France,NATO Ally,"Centre Spatial Guyanais, Kourou, Guyane Francaise",Centre Spatial Guyanais,Vega C,Success,Medium,,5.2333,-52.7517
2025-U01,2025-04-29,United States,United States,"Vandenberg Space Force Base, California",Vandenberg Space Force Base,Firefly Alpha,Failure,Undetermined,,34.75,-120.62
2025-085,2025-04-28,United States,United States,"Kennedy / Cape Canaveral, Florida",Kennedy / Cape Canaveral,Falcon 9,Success,Medium,Yes,28.46,-80.54
2025-086,2025-04-28,China,China,"Wenchang Space Center, Hainan",Wenchang Space Center,Chang Zheng 5B/YZ-2,Success,Heavy,,19.6142,110.9511
2025-087,2025-04-28,United States,United States,"Vandenberg Space Force Base, California",Vandenberg Space Force Base,Falcon 9,Success,Medium,Yes,34.75,-120.62
2025-088,2025-04-28,United States,United States,"Kennedy / Cape Canaveral, Florida",Kennedy / Cape Canaveral,Atlas V,Success,Medium,,28.46,-80.54
2025-084,2025-04-27,China,China,"Xichang Space Center (Songlin), Sichuan, China",Xichang Space Center (Songlin),Long March 3,Success,Medium,,28.2472,102.0291
2025-083,2025-04-25,United States,United States,"Kennedy / Cape Canaveral, Florida",Kennedy / Cape Canaveral,Falcon 9,Success,Medium,Yes,28.46,-80.54
2025-082,2025-04-24,China,China,"Jiuquan Space Center, Nei Monggol Zizhiqu, China",Jiuquan Space Center,Long March 2,Success,Medium,,41.31,100.31
2025-081,2025-04-22,United States,United States,"Kennedy / Cape Canaveral, Florida",Kennedy / Cape Canaveral,Falcon 9,Success,Medium,,28.46,-80.54
2025-080,2025-04-21,United States,United States,"Kennedy / Cape Canaveral, Florida",Kennedy / Cape Canaveral,Falcon 9,Success,Medium,,28.46,-80.54
2025-079,2025-04-20,United States,United States,"Vandenberg Space Force Base, California",Vandenberg Space Force Base,Falcon 9,Success,Medium,,34.75,-120.62
2025-078,2025-04-18,China,China,Taiyuan weixing fashe zhongxin,Taiyuan weixing fashe zhongxin,Long March 6,Success,Medium,,37.5,112.6
2025-077,2025-04-16,United States,United States,"Vandenberg Space Force Base, California",Vandenberg Space Force Base,Minotaur IV,Success,Small,,34.75,-120.62
2025-076,2025-04-14,United States,United States,"Kennedy / Cape Canaveral, Florida",Kennedy / Cape Canaveral,Falcon 9,Success,Medium,Yes,28.46,-80.54
2025-075,2025-04-13,United States,United States,"Kennedy / Cape Canaveral, Florida",Kennedy / Cape Canaveral,Falcon 9,Success,Medium,Yes,28.46,-80.54
2025-074,2025-04-12,United States,United States,"Vandenberg Space Force Base, California",Vandenberg Space Force Base,Falcon 9,Success,Medium,,34.75,-120.62
2025-073,2025-04-10,China,China,"Xichang Space Center (Songlin), Sichuan, China",Xichang Space Center (Songlin),Long March 3,Success,Medium,,28.2472,102.0291
2025-072,2025-04-08,Russia/Soviet Union,Russia/Soviet Union,"Baykonur Kosmodrome, Kazakstan",Baykonur Kosmodrome,Soyuz-2,Success,Medium,,46.0,63.0
2025-071,2025-04-07,United States,United States,"Vandenberg Space Force Base, California",Vandenberg Space Force Base,Falcon 9,Success,Medium,Yes,34.75,-120.62
2025-070,2025-04-06,United States,United States,"Kennedy / Cape Canaveral, Florida",Kennedy / Cape Canaveral,Falcon 9,Success,Medium,Yes,28.46,-80.54
2025-069,2025-04-04,United States,United States,"Vandenberg Space Force Base, California",Vandenberg Space Force Base,Falcon 9,Success,Medium,Yes,34.75,-120.62
2025-068,2025-04-03,China,China,Taiyuan weixing fashe zhongxin,Taiyuan weixing fashe zhongxin,Long March 6,Success,Small,,37.5,112.6
2025-066,2025-04-01,United States,United States,"Kennedy / Cape Canaveral, Florida",Kennedy / Cape Canaveral,Falcon 9,Success,Medium,,28.46,-80.54
2025-067,2025-04-01,China,China,"Jiuquan Space Center, Nei Monggol Zizhiqu, China",Jiuquan Space Center,Long March 2,Success,Medium,,41.31,100.31
2025-065,2025-03-31,United States,United States,"Kennedy / Cape Canaveral, Florida",Kennedy / Cape Canaveral,Falcon 9,Success,Medium,Yes,28.46,-80.54
2025-F04,2025-03-30,Norway,NATO Ally,"Andoya Rocket Range, Andoy, Nordland, Norge",Andoya Rocket Range,Spectrum,Failure,Undetermined,,69.2943,16.0207
2025-064,2025-03-29,China,China,"Wenchang Space Center, Hainan",Wenchang Space Center,Long March 7,Success,Medium,,19.6142,110.9511
2025-061,2025-03-26,New Zealand,Major Non-NATO Ally,"Rocket Lab Launch Complex 1, Onenui Station, Mahia Peninsula",Rocket Lab Launch Complex 1,Electron,Success,Small,,-39.2609,177.8655
2025-062,2025-03-26,China,China,"Xichang Space Center (Songlin), Sichuan, China",Xichang Space Center (Songlin),Long March 3,Success,Medium,,28.2472,102.0291
2025-063,2025-03-26,United States,United States,"Vandenberg Space Force Base, California",Vandenberg Space Force Base,Falcon 9,Success,Medium,Yes,34.75,-120.62
2025-060,2025-03-24,United States,United States,"Kennedy / Cape Canaveral, Florida",Kennedy / Cape Canaveral,Falcon 9,Success,Medium,,28.46,-80.54
2025-058,2025-03-21,United States,United States,"Vandenberg Space Force Base, California",Vandenberg Space Force Base,Falcon 9,Success,Medium,,34.75,-120.62
2025-059,2025-03-21,China,China,"Jiuquan Space Center, Nei Monggol Zizhiqu, China",Jiuquan Space Center,Gushenxing 1,Success,Small,,41.31,100.31
2025-056,2025-03-18,New Zealand,Major Non-NATO Ally,"Rocket Lab Launch Complex 1, Onenui Station, Mahia Peninsula",Rocket Lab Launch Complex 1,Electron,Success,Small,,-39.2609,177.8655
2025-057,2025-03-18,United States,United States,"Kennedy / Cape Canaveral, Florida",Kennedy / Cape Canaveral,Falcon 9,Success,Medium,Yes,28.46,-80.54
2025-055,2025-03-17,China,China,"Jiuquan Space Center, Nei Monggol Zizhiqu, China",Jiuquan Space Center,Gushenxing 1,Success,Small,,41.31,100.31
2025-054,2025-03-16,Russia/Soviet Union,Russia/Soviet Union,"Plesetsk Kosmodrome, Russia",Plesetsk Kosmodrome,Angara-1.2,Success,Small,,63.0,41.1
2025-050,2025-03-15,New Zealand,Major Non-NATO Ally,"Rocket Lab Launch Complex 1, Onenui Station, Mahia Peninsula",Rocket Lab Launch Complex 1,Electron,Success,Small,,-39.2609,177.8655
2025-051,2025-03-15,China,China,"Jiuquan Space Center, Nei Monggol Zizhiqu, China",Jiuquan Space Center,Long March 2,Success,Medium,,41.31,100.31
2025-052,2025-03-15,United States,United States,"Vandenberg Space Force Base, California",Vandenberg Space Force Base,Falcon 9,Success,Medium,,34.75,-120.62
2025-053,2025-03-15,United States,United States,"Kennedy / Cape Canaveral, Florida",Kennedy / Cape Canaveral,Falcon 9,Success,Medium,Yes,28.46,-80.54
2025-049,2025-03-14,United States,United States,"Kennedy / Cape Canaveral, Florida",Kennedy / Cape Canaveral,Falcon 9,Success,Medium,,28.46,-80.54
2025-048,2025-03-13,United States,United States,"Kennedy / Cape Canaveral, Florida",Kennedy / Cape Canaveral,Falcon 9,Success,Medium,Yes,28.46,-80.54
2025-047,2025-03-12,United States,United States,"Vandenberg Space Force Base, California",Vandenberg Space Force Base,Falcon 9,Success,Medium,,34.75,-120.62
2025-046,2025-03-11,China,China,Hainan Shangye Hangtian Fashe Chang (Hainan Commercial Space Launch Site),Hainan Commercial Space Launch Site,Long March 8,Success,Medium,,19.5968,110.9308
2025-045,2025-03-09,China,China,"Xichang Space Center (Songlin), Sichuan, China",Xichang Space Center (Songlin),Long March 3,Success,Medium,,28.2472,102.0291
2025-044,2025-03-06,France,NATO Ally,"Centre Spatial Guyanais, Kourou, Guyane Francaise",Centre Spatial Guyanais,Ariane 62,Success,Medium,,5.2333,-52.7517
2025-F03,2025-03-06,United States,United States,"Starbase, Boca Chica Beach, Texas",Starbase,Starship,Failure,Super Heavy,,25.9964,-97.1536
2025-043,2025-03-03,United States,United States,"Kennedy / Cape Canaveral, Florida",Kennedy / Cape Canaveral,Falcon 9,Success,Medium,Yes,28.46,-80.54
2025-042,2025-03-02,Russia/Soviet Union,Russia/Soviet Union,"Plesetsk Kosmodrome, Russia",Plesetsk Kosmodrome,Soyuz-2,Success,Medium,,63.0,41.1
2025-E01,2025-03-01,China,China,"Jiuquan Space Center, Nei Monggol Zizhiqu, China",Jiuquan Space Center,Kuaizhou-1A,Abort or Failure on Pad,Small,,41.31,100.31
2025-038,2025-02-27,United States,United States,"Kennedy / Cape Canaveral, Florida",Kennedy / Cape Canaveral,Falcon 9,Success,Medium,,28.46,-80.54
2025-039,2025-02-27,United States,United States,"Kennedy / Cape Canaveral, Florida",Kennedy / Cape Canaveral,Falcon 9,Success,Medium,Yes,28.46,-80.54
2025-040,2025-02-27,China,China,"Jiuquan Space Center, Nei Monggol Zizhiqu, China",Jiuquan Space Center,Long March 2,Success,Medium,,41.31,100.31
2025-041,2025-02-27,Russia/Soviet Union,Russia/Soviet Union,"Baykonur Kosmodrome, Kazakstan",Baykonur Kosmodrome,Soyuz-2,Success,Medium,,46.0,63.0
2025-037,2025-02-23,United States,United States,"Vandenberg Space Force Base, California",Vandenberg Space Force Base,Falcon 9,Success,Medium,Yes,34.75,-120.62
2025-036,2025-02-22,China,China,"Xichang Space Center (Songlin), Sichuan, China",Xichang Space Center (Songlin),Long March 3,Success,Medium,,28.2472,102.0291
2025-035,2025-02-21,United States,United States,"Kennedy / Cape Canaveral, Florida",Kennedy / Cape Canaveral,Falcon 9,Success,Medium,Yes,28.46,-80.54
2025-033,2025-02-18,New Zealand,Major Non-NATO Ally,"Rocket Lab Launch Complex 1, Onenui Station, Mahia Peninsula",Rocket Lab Launch Complex 1,Electron,Success,Small,,-39.2609,177.8655
2025-034,2025-02-18,United States,United States,"Kennedy / Cape Canaveral, Florida",Kennedy / Cape Canaveral,Falcon 9,Success,Medium,Yes,28.46,-80.54
2025-032,2025-02-15,United States,United States,"Kennedy / Cape Canaveral, Florida",Kennedy / Cape Canaveral,Falcon 9,Success,Medium,Yes,28.46,-80.54
2025-029,2025-02-11,United States,United States,"Vandenberg Space Force Base, California",Vandenberg Space Force Base,Falcon 9,Success,Medium,Yes,34.75,-120.62
2025-030,2025-02-11,China,China,"Wenchang Space Center, Hainan",Wenchang Space Center,Chang Zheng 8A,Success,Undetermined,,19.6142,110.9511
2025-031,2025-02-11,United States,United States,"Kennedy / Cape Canaveral, Florida",Kennedy / Cape Canaveral,Falcon 9,Success,Medium,Yes,28.46,-80.54
2025-027,2025-02-08,United States,United States,"Kennedy / Cape Canaveral, Florida",Kennedy / Cape Canaveral,Falcon 9,Success,Medium,Yes,28.46,-80.54
2025-028,2025-02-08,New Zealand,Major Non-NATO Ally,"Rocket Lab Launch Complex 1, Onenui Station, Mahia Peninsula",Rocket Lab Launch Complex 1,Electron,Success,Small,,-39.2609,177.8655
2025-026,2025-02-05,Russia/Soviet Union,Russia/Soviet Union,"Plesetsk Kosmodrome, Russia",Plesetsk Kosmodrome,Soyuz-2,Success,Medium,,63.0,41.1
2025-024,2025-02-04,United States,United States,"Kennedy / Cape Canaveral, Florida",Kennedy / Cape Canaveral,Falcon 9,Success,Medium,Yes,28.46,-80.54
2025-025,2025-02-04,United States,United States,"Kennedy / Cape Canaveral, Florida",Kennedy / Cape Canaveral,Falcon 9,Success,Medium,,28.46,-80.54
2025-023,2025-02-02,Japan,Major Non-NATO Ally,"Tanegashima Space Center, Tanegashima, Nippon",Tanegashima Space Center,H3-22S,Success,Medium,,30.4,130.97
2025-022,2025-02-01,United States,United States,"Vandenberg Space Force Base, California",Vandenberg Space Force Base,Falcon 9,Success,Medium,Yes,34.75,-120.62
2025-021,2025-01-30,United States,United States,"Kennedy / Cape Canaveral, Florida",Kennedy / Cape Canaveral,Falcon 9,Success,Medium,,28.46,-80.54
2025-020,2025-01-29,India,Other,"Satish Dhawan Space Ctr, Sriharikota, Andhra Pradesh, India",Satish Dhawan Space Ctr,GSLV Mk II,Success,Medium,,13.621,80.303
2025-019,2025-01-27,United States,United States,"Kennedy / Cape Canaveral, Florida",Kennedy / Cape Canaveral,Falcon 9,Success,Medium,Yes,28.46,-80.54
2025-018,2025-01-24,United States,United States,"Vandenberg Space Force Base, California",Vandenberg Space Force Base,Falcon 9,Success,Medium,Yes,34.75,-120.62
2025-016,2025-01-23,China,China,Taiyuan weixing fashe zhongxin,Taiyuan weixing fashe zhongxin,Long March 6,Success,Medium,,37.5,112.6
2025-017,2025-01-23,China,China,"Xichang Space Center (Songlin), Sichuan, China",Xichang Space Center (Songlin),Long March 3,Success,Medium,,28.2472,102.0291
2025-014,2025-01-21,United States,United States,"Kennedy / Cape Canaveral, Florida",Kennedy / Cape Canaveral,Falcon 9,Success,Medium,Yes,28.46,-80.54
2025-015,2025-01-21,United States,United States,"Vandenberg Space Force Base, California",Vandenberg Space Force Base,Falcon 9,Success,Medium,Yes,34.75,-120.62
2025-013,2025-01-20,China,China,"Jiuquan Space Center, Nei Monggol Zizhiqu, China",Jiuquan Space Center,Gushenxing 1,Success,Small,,41.31,100.31
2025-012,2025-01-17,China,China,"Jiuquan Space Center, Nei Monggol Zizhiqu, China",Jiuquan Space Center,Long March 2,Success,Medium,,41.31,100.31
2025-011,2025-01-16,United States,United States,"Kennedy / Cape Canaveral, Florida",Kennedy / Cape Canaveral,New Glenn,Success,Undetermined,,28.46,-80.54
2025-F01,2025-01-16,United States,United States,"Starbase, Boca Chica Beach, Texas",Starbase,Starship,Failure,Super Heavy,,25.9964,-97.1536
2025-010,2025-01-15,United States,United States,"Kennedy / Cape Canaveral, Florida",Kennedy / Cape Canaveral,Falcon 9,Success,Medium,,28.46,-80.54
2025-009,2025-01-14,United States,United States,"Vandenberg Space Force Base, California",Vandenberg Space Force Base,Falcon 9,Success,Medium,,34.75,-120.62
2025-007,2025-01-13,China,China,Huang Hai CZ-11 launch zone,Huang Hai CZ-11 launch zone,Jielong-3,Success,Small,,34.9,121.19
2025-008,2025-01-13,United States,United States,"Kennedy / Cape Canaveral, Florida",Kennedy / Cape Canaveral,Falcon 9,Success,Medium,Yes,28.46,-80.54
2025-005,2025-01-10,United States,United States,"Vandenberg Space Force Base, California",Vandenberg Space Force Base,Falcon 9,Success,Medium,,34.75,-120.62
2025-006,2025-01-10,United States,United States,"Kennedy / Cape Canaveral, Florida",Kennedy / Cape Canaveral,Falcon 9,Success,Medium,Yes,28.46,-80.54
2025-004,2025-01-08,United States,United States,"Kennedy / Cape Canaveral, Florida",Kennedy / Cape Canaveral,Falcon 9,Success,Medium,Yes,28.46,-80.54
2025-002,2025-01-06,China,China,"Xichang Space Center (Songlin), Sichuan, China",Xichang Space Center (Songlin),Long March 3,Success,Medium,,28.2472,102.0291
2025-003,2025-01-06,United States,United States,"Kennedy / Cape Canaveral, Florida",Kennedy / Cape Canaveral,Falcon 9,Success,Medium,Yes,28.46,-80.54
2025-001,2025-01-04,United States,United States,"Kennedy / Cape Canaveral, Florida",Kennedy / Cape Canaveral,Falcon 9,Success,Medium,,28.46,-80.54
2024-254,2024-12-31,United States,United States,"Kennedy / Cape Canaveral, Florida",Kennedy / Cape Canaveral,Falcon 9,Success,Medium,Yes,28.46,-80.54
2024-253,2024-12-30,India,Other,"Satish Dhawan Space Ctr, Sriharikota, Andhra Pradesh, India",Satish Dhawan Space Ctr,PSLV,Success,Medium,,13.621,80.303
2024-251,2024-12-29,United States,United States,"Vandenberg Space Force Base, California",Vandenberg Space Force Base,Falcon 9,Success,Medium,Yes,34.75,-120.62
2024-252,2024-12-29,United States,United States,"Kennedy / Cape Canaveral, Florida",Kennedy / Cape Canaveral,Falcon 9,Success,Medium,,28.46,-80.54
2024-F05,2024-12-27,China,China,"Jiuquan Space Center, Nei Monggol Zizhiqu, China",Jiuquan Space Center,Lijian-1,Failure,Medium,,41.31,100.31
2024-250,2024-12-25,Russia/Soviet Union,Russia/Soviet Union,"Baykonur Kosmodrome, Kazakstan",Baykonur Kosmodrome,Soyuz-2,Success,Medium,,46.0,63.0
2024-249,2024-12-23,United States,United States,"Kennedy / Cape Canaveral, Florida",Kennedy / Cape Canaveral,Falcon 9,Success,Medium,Yes,28.46,-80.54
2024-247,2024-12-21,United States,United States,"Vandenberg Space Force Base, California",Vandenberg Space Force Base,Falcon 9,Success,Medium,,34.75,-120.62
2024-248,2024-12-21,New Zealand,Major Non-NATO Ally,"Rocket Lab Launch Complex 1, Onenui Station, Mahia Peninsula",Rocket Lab Launch Complex 1,Electron,Success,Small,,-39.2609,177.8655
2024-246,2024-12-20,China,China,"Xichang Space Center (Songlin), Sichuan, China",Xichang Space Center (Songlin),Long March 3,Success,Medium,,28.2472,102.0291
2024-245,2024-12-19,China,China,Huang Hai CZ-11 launch zone,Huang Hai CZ-11 launch zone,Gushenxing 1,Success,Small,,34.9,121.19
2024-F04,2024-12-18,Japan,Major Non-NATO Ally,"Spaceport Kii, Kanagawa",Spaceport Kii,Kairos,Failure,Small,,33.5443,135.8895
2024-242,2024-12-17,United States,United States,"Kennedy / Cape Canaveral, Florida",Kennedy / Cape Canaveral,Falcon 9,Success,Medium,,28.46,-80.54
2024-243,2024-12-17,United States,United States,"Vandenberg Space Force Base, California",Vandenberg Space Force Base,Falcon 9,Success,Medium,,34.75,-120.62
2024-244,2024-12-17,United States,United States,"Kennedy / Cape Canaveral, Florida",Kennedy / Cape Canaveral,Falcon 9,Success,Medium,,28.46,-80.54
2024-240,2024-12-16,China,China,"Wenchang Space Center, Hainan",Wenchang Space Center,Chang Zheng 5B/YZ-2,Success,Heavy,,19.6142,110.9511
2024-241,2024-12-16,China,China,Taiyuan weixing fashe zhongxin,Taiyuan weixing fashe zhongxin,Long March 2,Success,Medium,,37.5,112.6
2024-239,2024-12-13,United States,United States,"Vandenberg Space Force Base, California",Vandenberg Space Force Base,Falcon 9,Success,Medium,Yes,34.75,-120.62
2024-238,2024-12-12,China,China,"Jiuquan Space Center, Nei Monggol Zizhiqu, China",Jiuquan Space Center,Long March 2,Success,Medium,,41.31,100.31
2024-237,2024-12-08,United States,United States,"Kennedy / Cape Canaveral, Florida",Kennedy / Cape Canaveral,Falcon 9,Success,Medium,Yes,28.46,-80.54
2024-236,2024-12-06,Iran,Other,"Semnan missile launch site, Iran",Semnan missile launch site,Simorgh,Success,Small,,35.2347,53.921
2024-231,2024-12-05,United States,United States,"Vandenberg Space Force Base, California",Vandenberg Space Force Base,Falcon 9,Success,Medium,Yes,34.75,-120.62
2024-232,2024-12-05,China,China,Taiyuan weixing fashe zhongxin,Taiyuan weixing fashe zhongxin,Long March 6,Success,Medium,,37.5,112.6
2024-233,2024-12-05,India,Other,"Satish Dhawan Space Ctr, Sriharikota, Andhra Pradesh, India",Satish Dhawan Space Ctr,PSLV,Success,Medium,,13.621,80.303
2024-234,2024-12-05,United States,United States,"Kennedy / Cape Canaveral, Florida",Kennedy / Cape Canaveral,Falcon 9,Success,Medium,,28.46,-80.54
2024-235,2024-12-05,France,NATO Ally,"Centre Spatial Guyanais, Kourou, Guyane Francaise",Centre Spatial Guyanais,Vega C,Success,Medium,,5.2333,-52.7517
2024-228,2024-12-04,China,China,"Xichang Space Center (Songlin), Sichuan, China",Xichang Space Center (Songlin),Kuaizhou-1A,Success,Small,,28.2472,102.0291
2024-229,2024-12-04,United States,United States,"Kennedy / Cape Canaveral, Florida",Kennedy / Cape Canaveral,Falcon 9,Success,Medium,Yes,28.46,-80.54
2024-230,2024-12-04,Russia/Soviet Union,Russia/Soviet Union,"Plesetsk Kosmodrome, Russia",Plesetsk Kosmodrome,Soyuz-2,Success,Medium,,63.0,41.1
2024-227,2024-12-03,China,China,"Xichang Space Center (Songlin), Sichuan, China",Xichang Space Center (Songlin),Long March 3,Success,Medium,,28.2472,102.0291
2024-224,2024-11-30,United States,United States,"Kennedy / Cape Canaveral, Florida",Kennedy / Cape Canaveral,Falcon 9,Success,Medium,Yes,28.46,-80.54
2024-225,2024-11-30,United States,United States,"Vandenberg Space Force Base, California",Vandenberg Space Force Base,Falcon 9,Success,Medium,Yes,34.75,-120.62
2024-226,2024-11-30,China,China,Hainan Shangye Hangtian Fashe Chang (Hainan Commercial Space Launch Site),Hainan Commercial Space Launch Site,Chang Zheng 12,Success,Medium,,19.5968,110.9308
2024-223,2024-11-29,Russia/Soviet Union,Russia/Soviet Union,"Vostochniy, Svobodniy, Amurskaya Oblast', Rossiya",Vostochniy,Soyuz-2,Success,Medium,,51.7,128.0
2024-221,2024-11-27,China,China,"Jiuquan Space Center, Nei Monggol Zizhiqu, China",Jiuquan Space Center,Zhuque-2E,Success,Medium,,41.31,100.31
2024-222,2024-11-27,United States,United States,"Kennedy / Cape Canaveral, Florida",Kennedy / Cape Canaveral,Falcon 9,Success,Medium,Yes,28.46,-80.54
2024-219,2024-11-25,New Zealand,Major Non-NATO Ally,"Rocket Lab Launch Complex 1, Onenui Station, Mahia Peninsula",Rocket Lab Launch Complex 1,Electron,Success,Small,,-39.2609,177.8655
2024-220,2024-11-25,United States,United States,"Kennedy / Cape Canaveral, Florida",Kennedy / Cape Canaveral,Falcon 9,Success,Medium,Yes,28.46,-80.54
2024-217,2024-11-24,United States,United States,"Vandenberg Space Force Base, California",Vandenberg Space Force Base,Falcon 9,Success,Medium,Yes,34.75,-120.62
2024-218,2024-11-24,China,China,"Jiuquan Space Center, Nei Monggol Zizhiqu, China",Jiuquan Space Center,Long March 2,Success,Medium,,41.31,100.31
2024-215,2024-11-21,Russia/Soviet Union,Russia/Soviet Union,"Baykonur Kosmodrome, Kazakstan",Baykonur Kosmodrome,Soyuz-2,Success,Medium,,46.0,63.0
2024-216,2024-11-21,United States,United States,"Kennedy / Cape Canaveral, Florida",Kennedy / Cape Canaveral,Falcon 9,Success,Medium,Yes,28.46,-80.54
2024-U06,2024-11-19,United States,United States,"Starbase, Boca Chica Beach, Texas",Starbase,Starship,Success,Super Heavy,,25.9964,-97.1536
2024-213,2024-11-18,United States,United States,"Vandenberg Space Force Base, California",Vandenberg Space Force Base,Falcon 9,Success,Medium,Yes,34.75,-120.62
2024-214,2024-11-18,United States,United States,"Kennedy / Cape Canaveral, Florida",Kennedy / Cape Canaveral,Falcon 9,Success,Medium,,28.46,-80.54
2024-212,2024-11-17,United States,United States,"Kennedy / Cape Canaveral, Florida",Kennedy / Cape Canaveral,Falcon 9,Success,Medium,,28.46,-80.54
2024-211,2024-11-15,China,China,"Wenchang Space Center, Hainan",Wenchang Space Center,Long March 7,Success,Medium,,19.6142,110.9511
2024-209,2024-11-14,United States,United States,"Vandenberg Space Force Base, California",Vandenberg Space Force Base,Falcon 9,Success,Medium,Yes,34.75,-120.62
2024-210,2024-11-14,United States,United States,"Kennedy / Cape Canaveral, Florida",Kennedy / Cape Canaveral,Falcon 9,Success,Medium,Yes,28.46,-80.54
2024-208,2024-11-13,China,China,Taiyuan weixing fashe zhongxin,Taiyuan weixing fashe zhongxin,Long March 4,Success,Medium,,37.5,112.6
2024-205,2024-11-11,China,China,"Jiuquan Space Center, Nei Monggol Zizhiqu, China",Jiuquan Space Center,Lijian-1,Success,Medium,,41.31,100.31
2024-206,2024-11-11,United States,United States,"Kennedy / Cape Canaveral, Florida",Kennedy / Cape Canaveral,Falcon 9,Success,Medium,,28.46,-80.54
2024-207,2024-11-11,United States,United States,"Kennedy / Cape Canaveral, Florida",Kennedy / Cape Canaveral,Falcon 9,Success,Medium,Yes,28.46,-80.54
2024-203,2024-11-09,China,China,"Jiuquan Space Center, Nei Monggol Zizhiqu, China",Jiuquan Space Center,Long March 2,Success,Medium,,41.31,100.31
2024-204,2024-11-09,United States,United States,"Vandenberg Space Force Base, California",Vandenberg Space Force Base,Falcon 9,Success,Medium,Yes,34.75,-120.62
2024-202,2024-11-07,United States,United States,"Kennedy / Cape Canaveral, Florida",Kennedy / Cape Canaveral,Falcon 9,Success,Medium,Yes,28.46,-80.54
2024-200,2024-11-05,United States,United States,"Kennedy / Cape Canaveral, Florida",Kennedy / Cape Canaveral,Falcon 9,Success,Medium,,28.46,-80.54
2024-201,2024-11-05,New Zealand,Major Non-NATO Ally,"Rocket Lab Launch Complex 1, Onenui Station, Mahia Peninsula",Rocket Lab Launch Complex 1,Electron,Success,Small,,-39.2609,177.8655
2024-198,2024-11-04,Japan,Major Non-NATO Ally,"Tanegashima Space Center, Tanegashima, Nippon",Tanegashima Space Center,H3-22S,Success,Medium,,30.4,130.97
2024-199,2024-11-04,Russia/Soviet Union,Russia/Soviet Union,"Vostochniy, Svobodniy, Amurskaya Oblast', Rossiya",Vostochniy,Soyuz-2,Success,Medium,,51.7,128.0
2024-197,2024-10-31,Russia/Soviet Union,Russia/Soviet Union,"Plesetsk Kosmodrome, Russia",Plesetsk Kosmodrome,Soyuz-2,Success,Medium,,63.0,41.1
2024-195,2024-10-30,United States,United States,"Vandenberg Space Force Base, California",Vandenberg Space Force Base,Falcon 9,Success,Medium,Yes,34.75,-120.62
2024-196,2024-10-30,United States,United States,"Kennedy / Cape Canaveral, Florida",Kennedy / Cape Canaveral,Falcon 9,Success,Medium,Yes,28.46,-80.54
2024-194,2024-10-29,China,China,"Jiuquan Space Center, Nei Monggol Zizhiqu, China",Jiuquan Space Center,Long March 2,Success,Medium,,41.31,100.31
2024-193,2024-10-26,United States,United States,"Kennedy / Cape Canaveral, Florida",Kennedy / Cape Canaveral,Falcon 9,Success,Medium,Yes,28.46,-80.54
2024-192,2024-10-24,United States,United States,"Vandenberg Space Force Base, California",Vandenberg Space Force Base,Falcon 9,Success,Medium,,34.75,-120.62
2024-190,2024-10-23,China,China,"Xichang Space Center (Songlin), Sichuan, China",Xichang Space Center (Songlin),Long March 2,Success,Medium,,28.2472,102.0291
2024-191,2024-10-23,United States,United States,"Kennedy / Cape Canaveral, Florida",Kennedy / Cape Canaveral,Falcon 9,Success,Medium,Yes,28.46,-80.54
2024-189,2024-10-22,China,China,Taiyuan weixing fashe zhongxin,Taiyuan weixing fashe zhongxin,Long March 6,Success,Small,,37.5,112.6
2024-188,2024-10-20,United States,United States,"Vandenberg Space Force Base, California",Vandenberg Space Force Base,Falcon 9,Success,Medium,,34.75,-120.62
2024-187,2024-10-18,United States,United States,"Kennedy / Cape Canaveral, Florida",Kennedy / Cape Canaveral,Falcon 9,Success,Medium,Yes,28.46,-80.54
2024-183,2024-10-15,United States,United States,"Kennedy / Cape Canaveral, Florida",Kennedy / Cape Canaveral,Falcon 9,Success,Medium,Yes,28.46,-80.54
2024-184,2024-10-15,United States,United States,"Vandenberg Space Force Base, California",Vandenberg Space Force Base,Falcon 9,Success,Medium,Yes,34.75,-120.62
2024-185,2024-10-15,China,China,Taiyuan weixing fashe zhongxin,Taiyuan weixing fashe zhongxin,Long March 6,Success,Medium,,37.5,112.6
2024-186,2024-10-15,China,China,"Jiuquan Space Center, Nei Monggol Zizhiqu, China",Jiuquan Space Center,Long March 4,Success,Medium,,41.31,100.31
2024-182,2024-10-14,United States,United States,"Kennedy / Cape Canaveral, Florida",Kennedy / Cape Canaveral,Falcon Heavy,Success,Super Heavy,,28.46,-80.54
2024-U04,2024-10-13,United States,United States,"Starbase, Boca Chica Beach, Texas",Starbase,Starship,Success,Super Heavy,,25.9964,-97.1536
2024-181,2024-10-10,China,China,"Xichang Space Center (Songlin), Sichuan, China",Xichang Space Center (Songlin),Long March 3,Success,Medium,,28.2472,102.0291
2024-180,2024-10-07,United States,United States,"Kennedy / Cape Canaveral, Florida",Kennedy / Cape Canaveral,Falcon 9,Success,Medium,,28.46,-80.54
2024-179,2024-10-04,United States,United States,"Kennedy / Cape Canaveral, Florida",Kennedy / Cape Canaveral,Vulcan,Success,Medium,,28.46,-80.54
2024-178,2024-09-28,United States,United States,"Kennedy / Cape Canaveral, Florida",Kennedy / Cape Canaveral,Falcon 9,Success,Medium,,28.46,-80.54
2024-177,2024-09-27,China,China,"Jiuquan Space Center, Nei Monggol Zizhiqu, China",Jiuquan Space Center,Long March 2,Success,Medium,,41.31,100.31
2024-176,2024-09-26,Japan,Major Non-NATO Ally,"Tanegashima Space Center, Tanegashima, Nippon",Tanegashima Space Center,H-II,Success,Medium,,30.4,130.97
2024-175,2024-09-25,United States,United States,"Vandenberg Space Force Base, California",Vandenberg Space Force Base,Falcon 9,Success,Medium,Yes,34.75,-120.62
2024-173,2024-09-24,China,China,Huang Hai CZ-11 launch zone,Huang Hai CZ-11 launch zone,Jielong-3,Success,Small,,34.9,121.19
2024-174,2024-09-24,China,China,"Jiuquan Space Center, Nei Monggol Zizhiqu, China",Jiuquan Space Center,Lijian-1,Success,Medium,,41.31,100.31
2024-169,2024-09-20,China,China,Taiyuan weixing fashe zhongxin,Taiyuan weixing fashe zhongxin,Long March 2,Success,Medium,,37.5,112.6
2024-170,2024-09-20,China,China,"Xichang Space Center (Songlin), Sichuan, China",Xichang Space Center (Songlin),Kuaizhou-1A,Success,Small,,28.2472,102.0291
2024-171,2024-09-20,United States,United States,"Vandenberg Space Force Base, California",Vandenberg Space Force Base,Falcon 9,Success,Medium,Yes,34.75,-120.62
2024-172,2024-09-20,New Zealand,Major Non-NATO Ally,"Rocket Lab Launch Complex 1, Onenui Station, Mahia Peninsula",Rocket Lab Launch Complex 1,Electron,Success,Small,,-39.2609,177.8655
2024-168,2024-09-19,China,China,"Xichang Space Center (Songlin), Sichuan, China",Xichang Space Center (Songlin),Long March 3,Success,Medium,,28.2472,102.0291
2024-166,2024-09-17,Russia/Soviet Union,Russia/Soviet Union,"Plesetsk Kosmodrome, Russia",Plesetsk Kosmodrome,Angara-1.2,Success,Small,,63.0,41.1
2024-167,2024-09-17,United States,United States,"Kennedy / Cape Canaveral, Florida",Kennedy / Cape Canaveral,Falcon 9,Success,Medium,,28.46,-80.54
2024-165,2024-09-14,Iran,Other,"Imam Reza Space Ctr, Damghan (Shahroud), Iran (Dasht-E-Kabir?)",Imam Reza Space Ctr,Qaem-100,Success,Small,,36.23,55.33
2024-164,2024-09-13,United States,United States,"Vandenberg Space Force Base, California",Vandenberg Space Force Base,Falcon 9,Success,Medium,Yes,34.75,-120.62
2024-163,2024-09-12,United States,United States,"Kennedy / Cape Canaveral, Florida",Kennedy / Cape Canaveral,Falcon 9,Success,Medium,,28.46,-80.54
2024-162,2024-09-11,Russia/Soviet Union,Russia/Soviet Union,"Baykonur Kosmodrome, Kazakstan",Baykonur Kosmodrome,Soyuz-2,Success,Medium,,46.0,63.0
2024-161,2024-09-10,United States,United States,"Kennedy / Cape Canaveral, Florida",Kennedy / Cape Canaveral,Falcon 9,Success,Medium,,28.46,-80.54
2024-160,2024-09-06,United States,United States,"Vandenberg Space Force Base, California",Vandenberg Space Force Base,Falcon 9,Success,Medium,,34.75,-120.62
2024-157,2024-09-05,France,NATO Ally,"Centre Spatial Guyanais, Kourou, Guyane Francaise",Centre Spatial Guyanais,Vega,Success,Small,,5.2333,-52.7517
2024-158,2024-09-05,United States,United States,"Kennedy / Cape Canaveral, Florida",Kennedy / Cape Canaveral,Falcon 9,Success,Medium,Yes,28.46,-80.54
2024-159,2024-09-05,China,China,Taiyuan weixing fashe zhongxin,Taiyuan weixing fashe zhongxin,Long March 6,Success,Small,,37.5,112.6
2024-156,2024-09-03,China,China,"Xichang Space Center (Songlin), Sichuan, China",Xichang Space Center (Songlin),Long March 4,Success,Medium,,28.2472,102.0291
2024-154,2024-08-31,United States,United States,"Kennedy / Cape Canaveral, Florida",Kennedy / Cape Canaveral,Falcon 9,Success,Medium,Yes,28.46,-80.54
2024-155,2024-08-31,United States,United States,"Vandenberg Space Force Base, California",Vandenberg Space Force Base,Falcon 9,Success,Medium,Yes,34.75,-120.62
2024-153,2024-08-29,China,China,Huang Hai CZ-11 launch zone,Huang Hai CZ-11 launch zone,Gushenxing 1,Success,Small,,34.9,121.19
2024-152,2024-08-28,United States,United States,"Kennedy / Cape Canaveral, Florida",Kennedy / Cape Canaveral,Falcon 9,Success,Medium,Yes,28.46,-80.54
2024-151,2024-08-22,China,China,"Wenchang Space Center, Hainan",Wenchang Space Center,Long March 7,Success,Medium,,19.6142,110.9511
2024-150,2024-08-20,United States,United States,"Kennedy / Cape Canaveral, Florida",Kennedy / Cape Canaveral,Falcon 9,Success,Medium,Yes,28.46,-80.54
2024-147,2024-08-16,India,Other,"Satish Dhawan Space Ctr, Sriharikota, Andhra Pradesh, India",Satish Dhawan Space Ctr,SSLV,Success,Small,,13.621,80.303
2024-148,2024-08-16,China,China,"Xichang Space Center (Songlin), Sichuan, China",Xichang Space Center (Songlin),Long March 4,Success,Medium,,28.2472,102.0291
2024-149,2024-08-16,United States,United States,"Vandenberg Space Force Base, California",Vandenberg Space Force Base,Falcon 9,Success,Medium,,34.75,-120.62
2024-145,2024-08-15,Russia/Soviet Union,Russia/Soviet Union,"Baykonur Kosmodrome, Kazakstan",Baykonur Kosmodrome,Soyuz-2,Success,Medium,,46.0,63.0
2024-146,2024-08-15,United States,United States,"Kennedy / Cape Canaveral, Florida",Kennedy / Cape Canaveral,Falcon 9,Success,Medium,,28.46,-80.54
2024-143,2024-08-12,United States,United States,"Vandenberg Space Force Base, California",Vandenberg Space Force Base,Falcon 9,Success,Medium,,34.75,-120.62
2024-144,2024-08-12,United States,United States,"Kennedy / Cape Canaveral, Florida",Kennedy / Cape Canaveral,Falcon 9,Success,Medium,Yes,28.46,-80.54
2024-142,2024-08-11,New Zealand,Major Non-NATO Ally,"Rocket Lab Launch Complex 1, Onenui Station, Mahia Peninsula",Rocket Lab Launch Complex 1,Electron,Success,Small,,-39.2609,177.8655
2024-141,2024-08-10,United States,United States,"Kennedy / Cape Canaveral, Florida",Kennedy / Cape Canaveral,Falcon 9,Success,Medium,Yes,28.46,-80.54
2024-140,2024-08-06,China,China,Taiyuan weixing fashe zhongxin,Taiyuan weixing fashe zhongxin,Long March 6,Success,Medium,,37.5,112.6
2024-138,2024-08-04,United States,United States,"Vandenberg Space Force Base, California",Vandenberg Space Force Base,Falcon 9,Success,Medium,Yes,34.75,-120.62
2024-139,2024-08-04,United States,United States,"Kennedy / Cape Canaveral, Florida",Kennedy / Cape Canaveral,Falcon 9,Success,Medium,,28.46,-80.54
2024-136,2024-08-02,United States,United States,"Kennedy / Cape Canaveral, Florida",Kennedy / Cape Canaveral,Falcon 9,Success,Medium,Yes,28.46,-80.54
2024-137,2024-08-02,New Zealand,Major Non-NATO Ally,"Rocket Lab Launch Complex 1, Onenui Station, Mahia Peninsula",Rocket Lab Launch Complex 1,Electron,Success,Small,,-39.2609,177.8655
2024-135,2024-08-01,China,China,"Xichang Space Center (Songlin), Sichuan, China",Xichang Space Center (Songlin),Long March 3,Success,Medium,,28.2472,102.0291
2024-134,2024-07-30,United States,United States,"Kennedy / Cape Canaveral, Florida",Kennedy / Cape Canaveral,Atlas V,Success,Medium,,28.46,-80.54
2024-132,2024-07-28,United States,United States,"Kennedy / Cape Canaveral, Florida",Kennedy / Cape Canaveral,Falcon 9,Success,Medium,Yes,28.46,-80.54
2024-133,2024-07-28,United States,United States,"Vandenberg Space Force Base, California",Vandenberg Space Force Base,Falcon 9,Success,Medium,Yes,34.75,-120.62
2024-131,2024-07-27,United States,United States,"Kennedy / Cape Canaveral, Florida",Kennedy / Cape Canaveral,Falcon 9,Success,Medium,Yes,28.46,-80.54
2024-130,2024-07-19,China,China,Taiyuan weixing fashe zhongxin,Taiyuan weixing fashe zhongxin,Long March 4,Success,Medium,,37.5,112.6
2024-129,2024-07-12,United States,United States,"Vandenberg Space Force Base, California",Vandenberg Space Force Base,Falcon 9,Failure,Medium,Yes,34.75,-120.62
2024-F03,2024-07-10,China,China,"Jiuquan Space Center, Nei Monggol Zizhiqu, China",Jiuquan Space Center,Shuang Quxian 1,Failure,Small,,41.31,100.31
2024-128,2024-07-09,France,NATO Ally,"Centre Spatial Guyanais, Kourou, Guyane Francaise",Centre Spatial Guyanais,Ariane 62,Success,Medium,,5.2333,-52.7517
2024-127,2024-07-08,United States,United States,"Kennedy / Cape Canaveral, Florida",Kennedy / Cape Canaveral,Falcon 9,Success,Medium,,28.46,-80.54
2024-125,2024-07-04,United States,United States,"Vandenberg Space Force Base, California",Vandenberg Space Force Base,Firefly Alpha,Success,Undetermined,,34.75,-120.62
2024-126,2024-07-04,China,China,Taiyuan weixing fashe zhongxin,Taiyuan weixing fashe zhongxin,Long March 6,Success,Medium,,37.5,112.6
2024-124,2024-07-03,United States,United States,"Kennedy / Cape Canaveral, Florida",Kennedy / Cape Canaveral,Falcon 9,Success,Medium,Yes,28.46,-80.54
2024-123,2024-07-01,Japan,Major Non-NATO Ally,"Tanegashima Space Center, Tanegashima, Nippon",Tanegashima Space Center,H3-22S,Success,Medium,,30.4,130.97
2024-121,2024-06-29,United States,United States,"Vandenberg Space Force Base, California",Vandenberg Space Force Base,Falcon 9,Success,Medium,,34.75,-120.62
2024-122,2024-06-29,China,China,"Wenchang Space Center, Hainan",Wenchang Space Center,Long March 7,Success,Medium,,19.6142,110.9511
2024-120,2024-06-27,United States,United States,"Kennedy / Cape Canaveral, Florida",Kennedy / Cape Canaveral,Falcon 9,Success,Medium,Yes,28.46,-80.54
2024-119,2024-06-25,United States,United States,"Kennedy / Cape Canaveral, Florida",Kennedy / Cape Canaveral,Falcon Heavy,Success,Super Heavy,,28.46,-80.54
2024-118,2024-06-24,United States,United States,"Vandenberg Space Force Base, California",Vandenberg Space Force Base,Falcon 9,Success,Medium,Yes,34.75,-120.62
2024-117,2024-06-23,United States,United States,"Kennedy / Cape Canaveral, Florida",Kennedy / Cape Canaveral,Falcon 9,Success,Medium,Yes,28.46,-80.54
2024-116,2024-06-22,China,China,"Xichang Space Center (Songlin), Sichuan, China",Xichang Space Center (Songlin),Long March 2,Success,Medium,,28.2472,102.0291
2024-114,2024-06-20,New Zealand,Major Non-NATO Ally,"Rocket Lab Launch Complex 1, Onenui Station, Mahia Peninsula",Rocket Lab Launch Complex 1,Electron,Success,Small,,-39.2609,177.8655
2024-115,2024-06-20,United States,United States,"Kennedy / Cape Canaveral, Florida",Kennedy / Cape Canaveral,Falcon 9,Success,Medium,,28.46,-80.54
2024-113,2024-06-19,United States,United States,"Vandenberg Space Force Base, California",Vandenberg Space Force Base,Falcon 9,Success,Medium,Yes,34.75,-120.62
2024-111,2024-06-08,United States,United States,"Kennedy / Cape Canaveral, Florida",Kennedy / Cape Canaveral,Falcon 9,Success,Medium,Yes,28.46,-80.54
2024-112,2024-06-08,United States,United States,"Vandenberg Space Force Base, California",Vandenberg Space Force Base,Falcon 9,Success,Medium,Yes,34.75,-120.62
2024-110,2024-06-06,China,China,"Jiuquan Space Center, Nei Monggol Zizhiqu, China",Jiuquan Space Center,Gushenxing 1,Success,Small,,41.31,100.31
2024-U03,2024-06-06,United States,United States,"Starbase, Boca Chica Beach, Texas",Starbase,Starship,Success,Super Heavy,,25.9964,-97.1536
2024-107,2024-06-05,United States,United States,"Kennedy / Cape Canaveral, Florida",Kennedy / Cape Canaveral,Falcon 9,Success,Medium,Yes,28.46,-80.54
2024-108,2024-06-05,New Zealand,Major Non-NATO Ally,"Rocket Lab Launch Complex 1, Onenui Station, Mahia Peninsula",Rocket Lab Launch Complex 1,Electron,Success,Small,,-39.2609,177.8655
2024-109,2024-06-05,United States,United States,"Kennedy / Cape Canaveral, Florida",Kennedy / Cape Canaveral,Atlas V,Success,Medium,,28.46,-80.54
2024-106,2024-06-01,United States,United States,"Kennedy / Cape Canaveral, Florida",Kennedy / Cape Canaveral,Falcon 9,Success,Medium,Yes,28.46,-80.54
2024-103,2024-05-30,Russia/Soviet Union,Russia/Soviet Union,"Baykonur Kosmodrome, Kazakstan",Baykonur Kosmodrome,Soyuz-2,Success,Medium,,46.0,63.0
2024-104,2024-05-30,China,China,"Xichang Space Center (Songlin), Sichuan, China",Xichang Space Center (Songlin),Long March 3,Success,Medium,,28.2472,102.0291
2024-105,2024-05-30,China,China,"Jiuquan Space Center, Nei Monggol Zizhiqu, China",Jiuquan Space Center,Gushenxing 1,Success,Small,,41.31,100.31
2024-102,2024-05-29,China,China,Huang Hai CZ-11 launch zone,Huang Hai CZ-11 launch zone,Gushenxing 1,Success,Small,,34.9,121.19
2024-100,2024-05-28,United States,United States,"Kennedy / Cape Canaveral, Florida",Kennedy / Cape Canaveral,Falcon 9,Success,Medium,Yes,28.46,-80.54
2024-101,2024-05-28,United States,United States,"Vandenberg Space Force Base, California",Vandenberg Space Force Base,Falcon 9,Success,Medium,,34.75,-120.62
2024-F02,2024-05-27,North Korea,Other,"Sohae Launch Site, Tongch'ang-dong, Pyongang-bukdo (N Pyongan Prov), N Korea",Sohae Launch Site,NK Kerolox LV,Failure,Undetermined,,39.66,124.706
2024-099,2024-05-25,New Zealand,Major Non-NATO Ally,"Rocket Lab Launch Complex 1, Onenui Station, Mahia Peninsula",Rocket Lab Launch Complex 1,Electron,Success,Small,,-39.2609,177.8655
2024-098,2024-05-24,United States,United States,"Kennedy / Cape Canaveral, Florida",Kennedy / Cape Canaveral,Falcon 9,Success,Medium,Yes,28.46,-80.54
2024-097,2024-05-23,United States,United States,"Kennedy / Cape Canaveral, Florida",Kennedy / Cape Canaveral,Falcon 9,Success,Medium,Yes,28.46,-80.54
2024-096,2024-05-22,United States,United States,"Vandenberg Space Force Base, California",Vandenberg Space Force Base,Falcon 9,Success,Medium,,34.75,-120.62
2024-095,2024-05-21,China,China,"Jiuquan Space Center, Nei Monggol Zizhiqu, China",Jiuquan Space Center,Kuaizhou-11,Success,Small,,41.31,100.31
2024-094,2024-05-20,China,China,Taiyuan weixing fashe zhongxin,Taiyuan weixing fashe zhongxin,Long March 2,Success,Medium,,37.5,112.6
2024-093,2024-05-18,United States,United States,"Kennedy / Cape Canaveral, Florida",Kennedy / Cape Canaveral,Falcon 9,Success,Medium,Yes,28.46,-80.54
2024-092,2024-05-16,Russia/Soviet Union,Russia/Soviet Union,"Plesetsk Kosmodrome, Russia",Plesetsk Kosmodrome,Soyuz-2,Success,Medium,,63.0,41.1
2024-091,2024-05-14,United States,United States,"Vandenberg Space Force Base, California",Vandenberg Space Force Base,Falcon 9,Success,Medium,Yes,34.75,-120.62
2024-090,2024-05-13,United States,United States,"Kennedy / Cape Canaveral, Florida",Kennedy / Cape Canaveral,Falcon 9,Success,Medium,Yes,28.46,-80.54
2024-089,2024-05-11,China,China,"Jiuquan Space Center, Nei Monggol Zizhiqu, China",Jiuquan Space Center,Long March 4,Success,Medium,,41.31,100.31
2024-088,2024-05-10,United States,United States,"Vandenberg Space Force Base, California",Vandenberg Space Force Base,Falcon 9,Success,Medium,Yes,34.75,-120.62
2024-087,2024-05-09,China,China,"Xichang Space Center (Songlin), Sichuan, China",Xichang Space Center (Songlin),Long March 3,Success,Medium,,28.2472,102.0291
2024-086,2024-05-08,United States,United States,"Kennedy / Cape Canaveral, Florida",Kennedy / Cape Canaveral,Falcon 9,Success,Medium,Yes,28.46,-80.54
2024-085,2024-05-07,China,China,Taiyuan weixing fashe zhongxin,Taiyuan weixing fashe zhongxin,Long March 6,Success,Medium,,37.5,112.6
2024-084,2024-05-06,United States,United States,"Kennedy / Cape Canaveral, Florida",Kennedy / Cape Canaveral,Falcon 9,Success,Medium,Yes,28.46,-80.54
2024-082,2024-05-03,United States,United States,"Kennedy / Cape Canaveral, Florida",Kennedy / Cape Canaveral,Falcon 9,Success,Medium,Yes,28.46,-80.54
2024-083,2024-05-03,China,China,"Wenchang Space Center, Hainan",Wenchang Space Center,Long March 5,Success,Medium,,19.6142,110.9511
2024-081,2024-05-02,United States,United States,"Vandenberg Space Force Base, California",Vandenberg Space Force Base,Falcon 9,Success,Medium,,34.75,-120.62
2024-079,2024-04-28,United States,United States,"Kennedy / Cape Canaveral, Florida",Kennedy / Cape Canaveral,Falcon 9,Success,Medium,,28.46,-80.54
2024-080,2024-04-28,United States,United States,"Kennedy / Cape Canaveral, Florida",Kennedy / Cape Canaveral,Falcon 9,Success,Medium,Yes,28.46,-80.54
2024-078,2024-04-25,China,China,"Jiuquan Space Center, Nei Monggol Zizhiqu, China",Jiuquan Space Center,Long March 2,Success,Medium,,41.31,100.31
2024-076,2024-04-23,United States,United States,"Kennedy / Cape Canaveral, Florida",Kennedy / Cape Canaveral,Falcon 9,Success,Medium,Yes,28.46,-80.54
2024-077,2024-04-23,New Zealand,Major Non-NATO Ally,"Rocket Lab Launch Complex 1, Onenui Station, Mahia Peninsula",Rocket Lab Launch Complex 1,Electron,Success,Small,,-39.2609,177.8655
2024-075,2024-04-20,China,China,"Xichang Space Center (Songlin), Sichuan, China",Xichang Space Center (Songlin),Long March 2,Success,Medium,,28.2472,102.0291
2024-074,2024-04-18,United States,United States,"Kennedy / Cape Canaveral, Florida",Kennedy / Cape Canaveral,Falcon 9,Success,Medium,Yes,28.46,-80.54
2024-073,2024-04-17,United States,United States,"Kennedy / Cape Canaveral, Florida",Kennedy / Cape Canaveral,Falcon 9,Success,Medium,Yes,28.46,-80.54
2024-072,2024-04-15,China,China,"Jiuquan Space Center, Nei Monggol Zizhiqu, China",Jiuquan Space Center,Long March 2,Success,Medium,,41.31,100.31
2024-071,2024-04-13,United States,United States,"Kennedy / Cape Canaveral, Florida",Kennedy / Cape Canaveral,Falcon 9,Success,Medium,Yes,28.46,-80.54
2024-069,2024-04-11,Russia/Soviet Union,Russia/Soviet Union,"Vostochniy, Svobodniy, Amurskaya Oblast', Rossiya",Vostochniy,Angara A5/Orion,Success,Heavy,,51.7,128.0
2024-070,2024-04-11,United States,United States,"Vandenberg Space Force Base, California",Vandenberg Space Force Base,Falcon 9,Success,Medium,,34.75,-120.62
2024-068,2024-04-10,United States,United States,"Kennedy / Cape Canaveral, Florida",Kennedy / Cape Canaveral,Falcon 9,Success,Medium,Yes,28.46,-80.54
2024-067,2024-04-09,United States,United States,"Kennedy / Cape Canaveral, Florida",Kennedy / Cape Canaveral,Delta IV,Success,Heavy,,28.46,-80.54
2024-065,2024-04-07,United States,United States,"Vandenberg Space Force Base, California",Vandenberg Space Force Base,Falcon 9,Success,Medium,Yes,34.75,-120.62
2024-066,2024-04-07,United States,United States,"Kennedy / Cape Canaveral, Florida",Kennedy / Cape Canaveral,Falcon 9,Success,Medium,,28.46,-80.54
2024-064,2024-04-05,United States,United States,"Kennedy / Cape Canaveral, Florida",Kennedy / Cape Canaveral,Falcon 9,Success,Medium,Yes,28.46,-80.54
2024-062,2024-04-02,United States,United States,"Vandenberg Space Force Base, California",Vandenberg Space Force Base,Falcon 9,Success,Medium,Yes,34.75,-120.62
2024-063,2024-04-02,China,China,"Xichang Space Center (Songlin), Sichuan, China",Xichang Space Center (Songlin),Long March 2,Success,Medium,,28.2472,102.0291
2024-060,2024-03-31,United States,United States,"Kennedy / Cape Canaveral, Florida",Kennedy / Cape Canaveral,Falcon 9,Success,Medium,Yes,28.46,-80.54
2024-061,2024-03-31,Russia/Soviet Union,Russia/Soviet Union,"Baykonur Kosmodrome, Kazakstan",Baykonur Kosmodrome,Soyuz-2,Success,Medium,,46.0,63.0
2024-059,2024-03-30,United States,United States,"Kennedy / Cape Canaveral, Florida",Kennedy / Cape Canaveral,Falcon 9,Success,Medium,,28.46,-80.54
2024-058,2024-03-26,China,China,Taiyuan weixing fashe zhongxin,Taiyuan weixing fashe zhongxin,Long March 6,Success,Medium,,37.5,112.6
2024-057,2024-03-25,United States,United States,"Kennedy / Cape Canaveral, Florida",Kennedy / Cape Canaveral,Falcon 9,Success,Medium,Yes,28.46,-80.54
2024-056,2024-03-24,United States,United States,"Kennedy / Cape Canaveral, Florida",Kennedy / Cape Canaveral,Falcon 9,Success,Medium,Yes,28.46,-80.54
2024-055,2024-03-23,Russia/Soviet Union,Russia/Soviet Union,"Baykonur Kosmodrome, Kazakstan",Baykonur Kosmodrome,Soyuz-2,Success,Medium,,46.0,63.0
2024-052,2024-03-21,China,China,"Jiuquan Space Center, Nei Monggol Zizhiqu, China",Jiuquan Space Center,Long March 2,Success,Medium,,41.31,100.31
2024-053,2024-03-21,United States,United States,"Wallops Island, Virginia",Wallops Island,Electron,Success,Small,,37.83,-75.48
2024-054,2024-03-21,United States,United States,"Kennedy / Cape Canaveral, Florida",Kennedy / Cape Canaveral,Falcon 9,Success,Medium,,28.46,-80.54
2024-051,2024-03-20,China,China,"Wenchang Space Center, Hainan",Wenchang Space Center,Long March 8,Success,Medium,,19.6142,110.9511
2024-050,2024-03-19,United States,United States,"Vandenberg Space Force Base, California",Vandenberg Space Force Base,Falcon 9,Success,Medium,Yes,34.75,-120.62
2024-049,2024-03-16,United States,United States,"Kennedy / Cape Canaveral, Florida",Kennedy / Cape Canaveral,Falcon 9,Success,Medium,Yes,28.46,-80.54
2024-U01,2024-03-14,United States,United States,"Starbase, Boca Chica Beach, Texas",Starbase,Starship,Success,Super Heavy,,25.9964,-97.1536
2024-048,2024-03-13,China,China,"Xichang Space Center (Songlin), Sichuan, China",Xichang Space Center (Songlin),Long March 2,Success,Medium,,28.2472,102.0291
2024-F01,2024-03-13,Japan,Major Non-NATO Ally,"Spaceport Kii, Kanagawa",Spaceport Kii,Kairos,Failure,Small,,33.5443,135.8895
2024-047,2024-03-12,New Zealand,Major Non-NATO Ally,"Rocket Lab Launch Complex 1, Onenui Station, Mahia Peninsula",Rocket Lab Launch Complex 1,Electron,Success,Small,,-39.2609,177.8655
2024-046,2024-03-11,United States,United States,"Vandenberg Space Force Base, California",Vandenberg Space Force Base,Falcon 9,Success,Medium,Yes,34.75,-120.62
2024-045,2024-03-10,United States,United States,"Kennedy / Cape Canaveral, Florida",Kennedy / Cape Canaveral,Falcon 9,Success,Medium,Yes,28.46,-80.54
2024-042,2024-03-04,United States,United States,"Kennedy / Cape Canaveral, Florida",Kennedy / Cape Canaveral,Falcon 9,Success,Medium,,28.46,-80.54
2024-043,2024-03-04,United States,United States,"Vandenberg Space Force Base, California",Vandenberg Space Force Base,Falcon 9,Success,Medium,,34.75,-120.62
2024-044,2024-03-04,United States,United States,"Kennedy / Cape Canaveral, Florida",Kennedy / Cape Canaveral,Falcon 9,Success,Medium,Yes,28.46,-80.54
2024-039,2024-02-29,Russia/Soviet Union,Russia/Soviet Union,"Vostochniy, Svobodniy, Amurskaya Oblast', Rossiya",Vostochniy,Soyuz-2,Success,Medium,,51.7,128.0
2024-040,2024-02-29,China,China,"Xichang Space Center (Songlin), Sichuan, China",Xichang Space Center (Songlin),Long March 3,Success,Medium,,28.2472,102.0291
2024-041,2024-02-29,United States,United States,"Kennedy / Cape Canaveral, Florida",Kennedy / Cape Canaveral,Falcon 9,Success,Medium,Yes,28.46,-80.54
2024-038,2024-02-25,United States,United States,"Kennedy / Cape Canaveral, Florida",Kennedy / Cape Canaveral,Falcon 9,Success,Medium,Yes,28.46,-80.54
2024-036,2024-02-23,United States,United States,"Vandenberg Space Force Base, California",Vandenberg Space Force Base,Falcon 9,Success,Medium,Yes,34.75,-120.62
2024-037,2024-02-23,China,China,"Wenchang Space Center, Hainan",Wenchang Space Center,Long March 5,Success,Medium,,19.6142,110.9511
2024-035,2024-02-20,United States,United States,"Kennedy / Cape Canaveral, Florida",Kennedy / Cape Canaveral,Falcon 9,Success,Medium,,28.46,-80.54
2024-034,2024-02-18,New Zealand,Major Non-NATO Ally,"Rocket Lab Launch Complex 1, Onenui Station, Mahia Peninsula",Rocket Lab Launch Complex 1,Electron,Success,Small,,-39.2609,177.8655
2024-032,2024-02-17,Japan,Major Non-NATO Ally,"Tanegashima Space Center, Tanegashima, Nippon",Tanegashima Space Center,H3-22S,Success,Medium,,30.4,130.97
2024-033,2024-02-17,India,Other,"Satish Dhawan Space Ctr, Sriharikota, Andhra Pradesh, India",Satish Dhawan Space Ctr,GSLV Mk II,Success,Medium,,13.621,80.303
2024-029,2024-02-15,Russia/Soviet Union,Russia/Soviet Union,"Baykonur Kosmodrome, Kazakstan",Baykonur Kosmodrome,Soyuz-2,Success,Medium,,46.0,63.0
2024-030,2024-02-15,United States,United States,"Kennedy / Cape Canaveral, Florida",Kennedy / Cape Canaveral,Falcon 9,Success,Medium,,28.46,-80.54
2024-031,2024-02-15,United States,United States,"Vandenberg Space Force Base, California",Vandenberg Space Force Base,Falcon 9,Success,Medium,Yes,34.75,-120.62
2024-028,2024-02-14,United States,United States,"Kennedy / Cape Canaveral, Florida",Kennedy / Cape Canaveral,Falcon 9,Success,Medium,,28.46,-80.54
2024-027,2024-02-10,United States,United States,"Vandenberg Space Force Base, California",Vandenberg Space Force Base,Falcon 9,Success,Medium,Yes,34.75,-120.62
2024-026,2024-02-09,Russia/Soviet Union,Russia/Soviet Union,"Plesetsk Kosmodrome, Russia",Plesetsk Kosmodrome,Soyuz-2,Success,Medium,,63.0,41.1
2024-025,2024-02-08,United States,United States,"Kennedy / Cape Canaveral, Florida",Kennedy / Cape Canaveral,Falcon 9,Success,Medium,,28.46,-80.54
2024-024,2024-02-03,China,China,Yangjiang launch area,Yangjiang launch area,Jielong-3,Success,Small,,21.28,112.0
2024-023,2024-02-02,China,China,"Xichang Space Center (Songlin), Sichuan, China",Xichang Space Center (Songlin),Long March 2,Success,Medium,,28.2472,102.0291
2024-022,2024-01-31,New Zealand,Major Non-NATO Ally,"Rocket Lab Launch Complex 1, Onenui Station, Mahia Peninsula",Rocket Lab Launch Complex 1,Electron,Success,Small,,-39.2609,177.8655
2024-021,2024-01-30,United States,United States,"Kennedy / Cape Canaveral, Florida",Kennedy / Cape Canaveral,Falcon 9,Success,Medium,,28.46,-80.54
2024-019,2024-01-29,United States,United States,"Kennedy / Cape Canaveral, Florida",Kennedy / Cape Canaveral,Falcon 9,Success,Medium,Yes,28.46,-80.54
2024-020,2024-01-29,United States,United States,"Vandenberg Space Force Base, California",Vandenberg Space Force Base,Falcon 9,Success,Medium,Yes,34.75,-120.62
2024-018,2024-01-28,Iran,Other,"Semnan missile launch site, Iran",Semnan missile launch site,Simorgh,Success,Small,,35.2347,53.921
2024-017,2024-01-24,United States,United States,"Vandenberg Space Force Base, California",Vandenberg Space Force Base,Falcon 9,Success,Medium,Yes,34.75,-120.62
2024-016,2024-01-23,China,China,"Jiuquan Space Center, Nei Monggol Zizhiqu, China",Jiuquan Space Center,Lijian-1,Success,Medium,,41.31,100.31
2024-015,2024-01-20,Iran,Other,"Imam Reza Space Ctr, Damghan (Shahroud), Iran (Dasht-E-Kabir?)",Imam Reza Space Ctr,Qaem-100,Success,Small,,36.23,55.33
2024-014,2024-01-18,United States,United States,"Kennedy / Cape Canaveral, Florida",Kennedy / Cape Canaveral,Falcon 9,Success,Medium,,28.46,-80.54
2024-013,2024-01-17,China,China,"Wenchang Space Center, Hainan",Wenchang Space Center,Long March 7,Success,Medium,,19.6142,110.9511
2024-012,2024-01-15,United States,United States,"Kennedy / Cape Canaveral, Florida",Kennedy / Cape Canaveral,Falcon 9,Success,Medium,Yes,28.46,-80.54
2024-011,2024-01-14,United States,United States,"Vandenberg Space Force Base, California",Vandenberg Space Force Base,Falcon 9,Success,Medium,Yes,34.75,-120.62
2024-010,2024-01-12,Japan,Major Non-NATO Ally,"Tanegashima Space Center, Tanegashima, Nippon",Tanegashima Space Center,H-II,Success,Medium,,30.4,130.97
2024-008,2024-01-11,China,China,"Jiuquan Space Center, Nei Monggol Zizhiqu, China",Jiuquan Space Center,Kuaizhou-1A,Success,Small,,41.31,100.31
2024-009,2024-01-11,China,China,Yangjiang launch area,Yangjiang launch area,Yinli-1,Success,Medium,,21.28,112.0
2024-007,2024-01-09,China,China,"Xichang Space Center (Songlin), Sichuan, China",Xichang Space Center (Songlin),Long March 2,Success,Medium,,28.2472,102.0291
2024-006,2024-01-08,United States,United States,"Kennedy / Cape Canaveral, Florida",Kennedy / Cape Canaveral,Vulcan,Success,Medium,,28.46,-80.54
2024-005,2024-01-07,United States,United States,"Kennedy / Cape Canaveral, Florida",Kennedy / Cape Canaveral,Falcon 9,Success,Medium,Yes,28.46,-80.54
2024-004,2024-01-05,China,China,"Jiuquan Space Center, Nei Monggol Zizhiqu, China",Jiuquan Space Center,Kuaizhou-1A,Success,Small,,41.31,100.31
2024-002,2024-01-03,United States,United States,"Vandenberg Space Force Base, California",Vandenberg Space Force Base,Falcon 9,Success,Medium,Yes,34.75,-120.62
2024-003,2024-01-03,United States,United States,"Kennedy / Cape Canaveral, Florida",Kennedy / Cape Canaveral,Falcon 9,Success,Medium,,28.46,-80.54
2024-001,2024-01-01,India,Other,"Satish Dhawan Space Ctr, Sriharikota, Andhra Pradesh, India",Satish Dhawan Space Ctr,PSLV,Success,Medium,,13.621,80.303
2023-212,2023-12-30,China,China,"Jiuquan Space Center, Nei Monggol Zizhiqu, China",Jiuquan Space Center,Long March 2,Success,Medium,,41.31,100.31
2023-210,2023-12-29,United States,United States,"Kennedy / Cape Canaveral, Florida",Kennedy / Cape Canaveral,Falcon Heavy,Success,Super Heavy,,28.46,-80.54
2023-211,2023-12-29,United States,United States,"Kennedy / Cape Canaveral, Florida",Kennedy / Cape Canaveral,Falcon 9,Success,Medium,Yes,28.46,-80.54
2023-208,2023-12-27,China,China,"Jiuquan Space Center, Nei Monggol Zizhiqu, China",Jiuquan Space Center,Kuaizhou-1A,Success,Small,,41.31,100.31
2023-209,2023-12-27,Russia/Soviet Union,Russia/Soviet Union,"Plesetsk Kosmodrome, Russia",Plesetsk Kosmodrome,Soyuz-2,Success,Medium,,63.0,41.1
2023-207,2023-12-26,China,China,"Xichang Space Center (Songlin), Sichuan, China",Xichang Space Center (Songlin),Long March 3,Success,Medium,,28.2472,102.0291
2023-205,2023-12-25,China,China,"Jiuquan Space Center, Nei Monggol Zizhiqu, China",Jiuquan Space Center,Kuaizhou-1A,Success,Small,,41.31,100.31
2023-206,2023-12-25,China,China,Yangjiang launch area,Yangjiang launch area,Long March 11,Success,Small,,21.28,112.0
2023-204,2023-12-24,United States,United States,"Vandenberg Space Force Base, California",Vandenberg Space Force Base,Falcon 9,Success,Medium,,34.75,-120.62
2023-203,2023-12-23,United States,United States,"Kennedy / Cape Canaveral, Florida",Kennedy / Cape Canaveral,Falcon 9,Success,Medium,Yes,28.46,-80.54
2023-202,2023-12-22,United States,United States,"Vandenberg Space Force Base, California",Vandenberg Space Force Base,Firefly Alpha,Failure,Undetermined,,34.75,-120.62
2023-201,2023-12-21,Russia/Soviet Union,Russia/Soviet Union,"Plesetsk Kosmodrome, Russia",Plesetsk Kosmodrome,Soyuz-2,Success,Medium,,63.0,41.1
2023-200,2023-12-19,United States,United States,"Kennedy / Cape Canaveral, Florida",Kennedy / Cape Canaveral,Falcon 9,Success,Medium,Yes,28.46,-80.54
2023-199,2023-12-17,China,China,"Jiuquan Space Center, Nei Monggol Zizhiqu, China",Jiuquan Space Center,Shuang Quxian 1,Success,Small,,41.31,100.31
2023-198,2023-12-16,Russia/Soviet Union,Russia/Soviet Union,"Baykonur Kosmodrome, Kazakstan",Baykonur Kosmodrome,Soyuz-2,Success,Medium,,46.0,63.0
2023-196,2023-12-15,New Zealand,Major Non-NATO Ally,"Rocket Lab Launch Complex 1, Onenui Station, Mahia Peninsula",Rocket Lab Launch Complex 1,Electron,Success,Small,,-39.2609,177.8655
2023-197,2023-12-15,China,China,"Wenchang Space Center, Hainan",Wenchang Space Center,Long March 5,Success,Medium,,19.6142,110.9511
2023-195,2023-12-14,China,China,"Jiuquan Space Center, Nei Monggol Zizhiqu, China",Jiuquan Space Center,Long March 2,Success,Medium,,41.31,100.31
2023-194,2023-12-10,China,China,"Xichang Space Center (Songlin), Sichuan, China",Xichang Space Center (Songlin),Long March 2,Success,Medium,,28.2472,102.0291
2023-192,2023-12-08,United States,United States,"Vandenberg Space Force Base, California",Vandenberg Space Force Base,Falcon 9,Success,Medium,Yes,34.75,-120.62
2023-193,2023-12-08,China,China,"Jiuquan Space Center, Nei Monggol Zizhiqu, China",Jiuquan Space Center,Zhuque-2,Success,Medium,,41.31,100.31
2023-191,2023-12-07,United States,United States,"Kennedy / Cape Canaveral, Florida",Kennedy / Cape Canaveral,Falcon 9,Success,Medium,Yes,28.46,-80.54
2023-190,2023-12-05,China,China,Yangjiang launch area,Yangjiang launch area,Jielong-3,Success,Small,,21.28,112.0
2023-187,2023-12-04,China,China,"Jiuquan Space Center, Nei Monggol Zizhiqu, China",Jiuquan Space Center,Long March 2,Success,Medium,,41.31,100.31
2023-188,2023-12-04,South Korea,Major Non-NATO Ally,"Barge launch site, Jungmun, Jeju I.",Barge launch site,ADD TV2,Success,Small,,33.2,126.4
2023-189,2023-12-04,China,China,"Jiuquan Space Center, Nei Monggol Zizhiqu, China",Jiuquan Space Center,Gushenxing 1,Success,Small,,41.31,100.31
2023-186,2023-12-03,United States,United States,"Kennedy / Cape Canaveral, Florida",Kennedy / Cape Canaveral,Falcon 9,Success,Medium,Yes,28.46,-80.54
2023-184,2023-12-01,Russia/Soviet Union,Russia/Soviet Union,"Baykonur Kosmodrome, Kazakstan",Baykonur Kosmodrome,Soyuz-2,Success,Medium,,46.0,63.0
2023-185,2023-12-01,United States,United States,"Vandenberg Space Force Base, California",Vandenberg Space Force Base,Falcon 9,Success,Medium,,34.75,-120.62
2023-183,2023-11-28,United States,United States,"Kennedy / Cape Canaveral, Florida",Kennedy / Cape Canaveral,Falcon 9,Success,Medium,Yes,28.46,-80.54
2023-182,2023-11-25,Russia/Soviet Union,Russia/Soviet Union,"Plesetsk Kosmodrome, Russia",Plesetsk Kosmodrome,Soyuz-2,Success,Medium,,63.0,41.1
2023-181,2023-11-23,China,China,"Xichang Space Center (Songlin), Sichuan, China",Xichang Space Center (Songlin),Long March 2,Success,Medium,,28.2472,102.0291
2023-180,2023-11-22,United States,United States,"Kennedy / Cape Canaveral, Florida",Kennedy / Cape Canaveral,Falcon 9,Success,Medium,Yes,28.46,-80.54
2023-179,2023-11-21,North Korea,Other,"Sohae Launch Site, Tongch'ang-dong, Pyongang-bukdo (N Pyongan Prov), N Korea",Sohae Launch Site,Cheonlima-1,Success,Small,,39.66,124.706
2023-178,2023-11-20,United States,United States,"Vandenberg Space Force Base, California",Vandenberg Space Force Base,Falcon 9,Success,Medium,Yes,34.75,-120.62
2023-177,2023-11-18,United States,United States,"Kennedy / Cape Canaveral, Florida",Kennedy / Cape Canaveral,Falcon 9,Success,Medium,Yes,28.46,-80.54
2023-F11,2023-11-18,United States,United States,"Starbase, Boca Chica Beach, Texas",Starbase,Starship,Failure,Super Heavy,,25.9964,-97.1536
2023-176,2023-11-16,China,China,"Jiuquan Space Center, Nei Monggol Zizhiqu, China",Jiuquan Space Center,Long March 2,Success,Medium,,41.31,100.31
2023-175,2023-11-12,United States,United States,"Kennedy / Cape Canaveral, Florida",Kennedy / Cape Canaveral,Falcon 9,Success,Medium,,28.46,-80.54
2023-174,2023-11-11,United States,United States,"Vandenberg Space Force Base, California",Vandenberg Space Force Base,Falcon 9,Success,Medium,,34.75,-120.62
2023-173,2023-11-10,United States,United States,"Kennedy / Cape Canaveral, Florida",Kennedy / Cape Canaveral,Falcon 9,Success,Medium,,28.46,-80.54
2023-172,2023-11-09,China,China,"Xichang Space Center (Songlin), Sichuan, China",Xichang Space Center (Songlin),Long March 3,Success,Medium,,28.2472,102.0291
2023-171,2023-11-08,United States,United States,"Kennedy / Cape Canaveral, Florida",Kennedy / Cape Canaveral,Falcon 9,Success,Medium,Yes,28.46,-80.54
2023-170,2023-11-04,United States,United States,"Kennedy / Cape Canaveral, Florida",Kennedy / Cape Canaveral,Falcon 9,Success,Medium,Yes,28.46,-80.54
2023-169,2023-11-03,China,China,"Wenchang Space Center, Hainan",Wenchang Space Center,Long March 7,Success,Medium,,19.6142,110.9511
2023-168,2023-10-31,China,China,Taiyuan weixing fashe zhongxin,Taiyuan weixing fashe zhongxin,Long March 6,Success,Medium,,37.5,112.6
2023-167,2023-10-30,United States,United States,"Kennedy / Cape Canaveral, Florida",Kennedy / Cape Canaveral,Falcon 9,Success,Medium,Yes,28.46,-80.54
2023-166,2023-10-29,United States,United States,"Vandenberg Space Force Base, California",Vandenberg Space Force Base,Falcon 9,Success,Medium,Yes,34.75,-120.62
2023-165,2023-10-27,Russia/Soviet Union,Russia/Soviet Union,"Plesetsk Kosmodrome, Russia",Plesetsk Kosmodrome,Soyuz-2,Success,Medium,,63.0,41.1
2023-164,2023-10-26,China,China,"Jiuquan Space Center, Nei Monggol Zizhiqu, China",Jiuquan Space Center,Long March 2,Success,Medium,,41.31,100.31
2023-163,2023-10-23,China,China,"Xichang Space Center (Songlin), Sichuan, China",Xichang Space Center (Songlin),Long March 2,Success,Medium,,28.2472,102.0291
2023-162,2023-10-22,United States,United States,"Kennedy / Cape Canaveral, Florida",Kennedy / Cape Canaveral,Falcon 9,Success,Medium,Yes,28.46,-80.54
2023-161,2023-10-21,United States,United States,"Vandenberg Space Force Base, California",Vandenberg Space Force Base,Falcon 9,Success,Medium,Yes,34.75,-120.62
2023-160,2023-10-18,United States,United States,"Kennedy / Cape Canaveral, Florida",Kennedy / Cape Canaveral,Falcon 9,Success,Medium,Yes,28.46,-80.54
2023-159,2023-10-15,China,China,"Jiuquan Space Center, Nei Monggol Zizhiqu, China",Jiuquan Space Center,Long March 2,Success,Medium,,41.31,100.31
2023-157,2023-10-13,United States,United States,"Kennedy / Cape Canaveral, Florida",Kennedy / Cape Canaveral,Falcon Heavy,Success,Super Heavy,,28.46,-80.54
2023-158,2023-10-13,United States,United States,"Kennedy / Cape Canaveral, Florida",Kennedy / Cape Canaveral,Falcon 9,Success,Medium,Yes,28.46,-80.54
2023-155,2023-10-09,France,NATO Ally,"Centre Spatial Guyanais, Kourou, Guyane Francaise",Centre Spatial Guyanais,Vega,Success,Small,,5.2333,-52.7517
2023-156,2023-10-09,United States,United States,"Vandenberg Space Force Base, California",Vandenberg Space Force Base,Falcon 9,Success,Medium,Yes,34.75,-120.62
2023-154,2023-10-06,United States,United States,"Kennedy / Cape Canaveral, Florida",Kennedy / Cape Canaveral,Atlas V,Success,Medium,,28.46,-80.54
2023-152,2023-10-05,China,China,"Xichang Space Center (Songlin), Sichuan, China",Xichang Space Center (Songlin),Long March 2,Success,Medium,,28.2472,102.0291
2023-153,2023-10-05,United States,United States,"Kennedy / Cape Canaveral, Florida",Kennedy / Cape Canaveral,Falcon 9,Success,Medium,Yes,28.46,-80.54
2023-151,2023-09-30,United States,United States,"Kennedy / Cape Canaveral, Florida",Kennedy / Cape Canaveral,Falcon 9,Success,Medium,Yes,28.46,-80.54
2023-150,2023-09-27,Iran,Other,"Imam Reza Space Ctr, Damghan (Shahroud), Iran (Dasht-E-Kabir?)",Imam Reza Space Ctr,Qased,Success,Small,,36.23,55.33
2023-149,2023-09-26,China,China,"Jiuquan Space Center, Nei Monggol Zizhiqu, China",Jiuquan Space Center,Long March 4,Success,Medium,,41.31,100.31
2023-148,2023-09-25,United States,United States,"Vandenberg Space Force Base, California",Vandenberg Space Force Base,Falcon 9,Success,Medium,Yes,34.75,-120.62
2023-147,2023-09-24,United States,United States,"Kennedy / Cape Canaveral, Florida",Kennedy / Cape Canaveral,Falcon 9,Success,Medium,Yes,28.46,-80.54
2023-F09,2023-09-21,China,China,"Jiuquan Space Center, Nei Monggol Zizhiqu, China",Jiuquan Space Center,Gushenxing 1,Failure,Small,,41.31,100.31
2023-146,2023-09-20,United States,United States,"Kennedy / Cape Canaveral, Florida",Kennedy / Cape Canaveral,Falcon 9,Success,Medium,Yes,28.46,-80.54
2023-F08,2023-09-19,New Zealand,Major Non-NATO Ally,"Rocket Lab Launch Complex 1, Onenui Station, Mahia Peninsula",Rocket Lab Launch Complex 1,Electron,Failure,Small,,-39.2609,177.8655
2023-145,2023-09-17,China,China,"Xichang Space Center (Songlin), Sichuan, China",Xichang Space Center (Songlin),Long March 2,Success,Medium,,28.2472,102.0291
2023-144,2023-09-16,United States,United States,"Kennedy / Cape Canaveral, Florida",Kennedy / Cape Canaveral,Falcon 9,Success,Medium,Yes,28.46,-80.54
2023-142,2023-09-15,United States,United States,"Vandenberg Space Force Base, California",Vandenberg Space Force Base,Firefly Alpha,Success,Undetermined,,34.75,-120.62
2023-143,2023-09-15,Russia/Soviet Union,Russia/Soviet Union,"Baykonur Kosmodrome, Kazakstan",Baykonur Kosmodrome,Soyuz-2,Success,Medium,,46.0,63.0
2023-141,2023-09-12,United States,United States,"Vandenberg Space Force Base, California",Vandenberg Space Force Base,Falcon 9,Success,Medium,Yes,34.75,-120.62
2023-139,2023-09-10,China,China,Taiyuan weixing fashe zhongxin,Taiyuan weixing fashe zhongxin,Long March 6,Success,Medium,,37.5,112.6
2023-140,2023-09-10,United States,United States,"Kennedy / Cape Canaveral, Florida",Kennedy / Cape Canaveral,Atlas V,Success,Medium,,28.46,-80.54
2023-138,2023-09-09,United States,United States,"Kennedy / Cape Canaveral, Florida",Kennedy / Cape Canaveral,Falcon 9,Success,Medium,Yes,28.46,-80.54
2023-136,2023-09-06,China,China,"Jiuquan Space Center, Nei Monggol Zizhiqu, China",Jiuquan Space Center,Long March 4,Success,Medium,,41.31,100.31
2023-137,2023-09-06,Japan,Major Non-NATO Ally,"Tanegashima Space Center, Tanegashima, Nippon",Tanegashima Space Center,H-II,Success,Medium,,30.4,130.97
2023-135,2023-09-05,China,China,Huang Hai CZ-11 launch zone,Huang Hai CZ-11 launch zone,Gushenxing 1,Success,Small,,34.9,121.19
2023-134,2023-09-04,United States,United States,"Kennedy / Cape Canaveral, Florida",Kennedy / Cape Canaveral,Falcon 9,Success,Medium,Yes,28.46,-80.54
2023-132,2023-09-02,India,Other,"Satish Dhawan Space Ctr, Sriharikota, Andhra Pradesh, India",Satish Dhawan Space Ctr,PSLV,Success,Medium,,13.621,80.303
2023-133,2023-09-02,United States,United States,"Vandenberg Space Force Base, California",Vandenberg Space Force Base,Falcon 9,Success,Medium,,34.75,-120.62
2023-131,2023-09-01,United States,United States,"Kennedy / Cape Canaveral, Florida",Kennedy / Cape Canaveral,Falcon 9,Success,Medium,Yes,28.46,-80.54
2023-130,2023-08-31,China,China,"Xichang Space Center (Songlin), Sichuan, China",Xichang Space Center (Songlin),Long March 2,Success,Medium,,28.2472,102.0291
2023-129,2023-08-27,United States,United States,"Kennedy / Cape Canaveral, Florida",Kennedy / Cape Canaveral,Falcon 9,Success,Medium,Yes,28.46,-80.54
2023-128,2023-08-26,United States,United States,"Kennedy / Cape Canaveral, Florida",Kennedy / Cape Canaveral,Falcon 9,Success,Medium,,28.46,-80.54
2023-127,2023-08-25,China,China,"Jiuquan Space Center, Nei Monggol Zizhiqu, China",Jiuquan Space Center,Gushenxing 1,Success,Small,,41.31,100.31
2023-125,2023-08-23,Russia/Soviet Union,Russia/Soviet Union,"Baykonur Kosmodrome, Kazakstan",Baykonur Kosmodrome,Soyuz-2,Success,Medium,,46.0,63.0
2023-126,2023-08-23,New Zealand,Major Non-NATO Ally,"Rocket Lab Launch Complex 1, Onenui Station, Mahia Peninsula",Rocket Lab Launch Complex 1,Electron,Success,Small,,-39.2609,177.8655
2023-F07,2023-08-23,North Korea,Other,"Sohae Launch Site, Tongch'ang-dong, Pyongang-bukdo (N Pyongan Prov), N Korea",Sohae Launch Site,Cheonlima-1,Failure,Small,,39.66,124.706
2023-124,2023-08-22,United States,United States,"Vandenberg Space Force Base, California",Vandenberg Space Force Base,Falcon 9,Success,Medium,Yes,34.75,-120.62
2023-123,2023-08-20,China,China,"Jiuquan Space Center, Nei Monggol Zizhiqu, China",Jiuquan Space Center,Long March 4,Success,Medium,,41.31,100.31
2023-122,2023-08-17,United States,United States,"Kennedy / Cape Canaveral, Florida",Kennedy / Cape Canaveral,Falcon 9,Success,Medium,Yes,28.46,-80.54
2023-121,2023-08-14,China,China,"Xichang Space Center (Songlin), Sichuan, China",Xichang Space Center (Songlin),Kuaizhou-1A,Success,Small,,28.2472,102.0291
2023-120,2023-08-12,China,China,"Xichang Space Center (Songlin), Sichuan, China",Xichang Space Center (Songlin),Long March 3,Success,Medium,,28.2472,102.0291
2023-119,2023-08-11,United States,United States,"Kennedy / Cape Canaveral, Florida",Kennedy / Cape Canaveral,Falcon 9,Success,Medium,Yes,28.46,-80.54
2023-117,2023-08-10,China,China,"Jiuquan Space Center, Nei Monggol Zizhiqu, China",Jiuquan Space Center,Gushenxing 1,Success,Small,,41.31,100.31
2023-118,2023-08-10,Russia/Soviet Union,Russia/Soviet Union,"Vostochniy, Svobodniy, Amurskaya Oblast', Rossiya",Vostochniy,Soyuz-2,Success,Medium,,51.7,128.0
2023-115,2023-08-08,United States,United States,"Vandenberg Space Force Base, California",Vandenberg Space Force Base,Falcon 9,Success,Medium,Yes,34.75,-120.62
2023-116,2023-08-08,China,China,Taiyuan weixing fashe zhongxin,Taiyuan weixing fashe zhongxin,Long March 2,Success,Medium,,37.5,112.6
2023-113,2023-08-07,United States,United States,"Kennedy / Cape Canaveral, Florida",Kennedy / Cape Canaveral,Falcon 9,Success,Medium,Yes,28.46,-80.54
2023-114,2023-08-07,Russia/Soviet Union,Russia/Soviet Union,"Plesetsk Kosmodrome, Russia",Plesetsk Kosmodrome,Soyuz-2,Success,Medium,,63.0,41.1
2023-111,2023-08-03,China,China,"Jiuquan Space Center, Nei Monggol Zizhiqu, China",Jiuquan Space Center,Long March 4,Success,Medium,,41.31,100.31
2023-112,2023-08-03,United States,United States,"Kennedy / Cape Canaveral, Florida",Kennedy / Cape Canaveral,Falcon 9,Success,Medium,,28.46,-80.54
2023-110,2023-08-02,United States,United States,"Wallops Island, Virginia",Wallops Island,Antares 230+,Success,Medium,,37.83,-75.48
2023-109,2023-07-30,India,Other,"Satish Dhawan Space Ctr, Sriharikota, Andhra Pradesh, India",Satish Dhawan Space Ctr,PSLV,Success,Medium,,13.621,80.303
2023-108,2023-07-29,United States,United States,"Kennedy / Cape Canaveral, Florida",Kennedy / Cape Canaveral,Falcon Heavy,Success,Super Heavy,,28.46,-80.54
2023-107,2023-07-28,United States,United States,"Kennedy / Cape Canaveral, Florida",Kennedy / Cape Canaveral,Falcon 9,Success,Medium,Yes,28.46,-80.54
2023-106,2023-07-26,China,China,"Xichang Space Center (Songlin), Sichuan, China",Xichang Space Center (Songlin),Long March 2,Success,Medium,,28.2472,102.0291
2023-105,2023-07-24,United States,United States,"Kennedy / Cape Canaveral, Florida",Kennedy / Cape Canaveral,Falcon 9,Success,Medium,Yes,28.46,-80.54
2023-104,2023-07-23,China,China,Taiyuan weixing fashe zhongxin,Taiyuan weixing fashe zhongxin,Long March 2,Success,Medium,,37.5,112.6
2023-103,2023-07-22,China,China,"Jiuquan Space Center, Nei Monggol Zizhiqu, China",Jiuquan Space Center,Gushenxing 1,Success,Small,,41.31,100.31
2023-101,2023-07-20,China,China,"Jiuquan Space Center, Nei Monggol Zizhiqu, China",Jiuquan Space Center,Kuaizhou-1A,Success,Small,,41.31,100.31
2023-102,2023-07-20,United States,United States,"Vandenberg Space Force Base, California",Vandenberg Space Force Base,Falcon 9,Success,Medium,Yes,34.75,-120.62
2023-100,2023-07-18,New Zealand,Major Non-NATO Ally,"Rocket Lab Launch Complex 1, Onenui Station, Mahia Peninsula",Rocket Lab Launch Complex 1,Electron,Success,Small,,-39.2609,177.8655
2023-099,2023-07-16,United States,United States,"Kennedy / Cape Canaveral, Florida",Kennedy / Cape Canaveral,Falcon 9,Success,Medium,Yes,28.46,-80.54
2023-098,2023-07-14,India,Other,"Satish Dhawan Space Ctr, Sriharikota, Andhra Pradesh, India",Satish Dhawan Space Ctr,LVM3,Success,Medium,,13.621,80.303
2023-097,2023-07-12,China,China,"Jiuquan Space Center, Nei Monggol Zizhiqu, China",Jiuquan Space Center,Zhuque-2,Success,Medium,,41.31,100.31
2023-096,2023-07-10,United States,United States,"Kennedy / Cape Canaveral, Florida",Kennedy / Cape Canaveral,Falcon 9,Success,Medium,Yes,28.46,-80.54
2023-095,2023-07-09,China,China,"Jiuquan Space Center, Nei Monggol Zizhiqu, China",Jiuquan Space Center,Long March 2,Success,Medium,,41.31,100.31
2023-094,2023-07-07,United States,United States,"Vandenberg Space Force Base, California",Vandenberg Space Force Base,Falcon 9,Success,Medium,Yes,34.75,-120.62
2023-093,2023-07-05,France,NATO Ally,"Centre Spatial Guyanais, Kourou, Guyane Francaise",Centre Spatial Guyanais,Ariane 5,Success,Heavy,,5.2333,-52.7517
2023-092,2023-07-01,United States,United States,"Kennedy / Cape Canaveral, Florida",Kennedy / Cape Canaveral,Falcon 9,Success,Medium,,28.46,-80.54
2023-091,2023-06-27,Russia/Soviet Union,Russia/Soviet Union,"Vostochniy, Svobodniy, Amurskaya Oblast', Rossiya",Vostochniy,Soyuz-2,Success,Medium,,51.7,128.0
2023-090,2023-06-23,United States,United States,"Kennedy / Cape Canaveral, Florida",Kennedy / Cape Canaveral,Falcon 9,Success,Medium,Yes,28.46,-80.54
2023-088,2023-06-22,United States,United States,"Vandenberg Space Force Base, California",Vandenberg Space Force Base,Falcon 9,Success,Medium,Yes,34.75,-120.62
2023-089,2023-06-22,United States,United States,"Kennedy / Cape Canaveral, Florida",Kennedy / Cape Canaveral,Delta IV,Success,Heavy,,28.46,-80.54
2023-087,2023-06-20,China,China,Taiyuan weixing fashe zhongxin,Taiyuan weixing fashe zhongxin,Long March 6,Success,Small,,37.5,112.6
2023-086,2023-06-18,United States,United States,"Kennedy / Cape Canaveral, Florida",Kennedy / Cape Canaveral,Falcon 9,Success,Medium,,28.46,-80.54
2023-085,2023-06-15,China,China,Taiyuan weixing fashe zhongxin,Taiyuan weixing fashe zhongxin,Long March 2,Success,Medium,,37.5,112.6
2023-083,2023-06-12,United States,United States,"Kennedy / Cape Canaveral, Florida",Kennedy / Cape Canaveral,Falcon 9,Success,Medium,Yes,28.46,-80.54
2023-084,2023-06-12,United States,United States,"Vandenberg Space Force Base, California",Vandenberg Space Force Base,Falcon 9,Success,Medium,,34.75,-120.62
2023-082,2023-06-09,China,China,"Jiuquan Space Center, Nei Monggol Zizhiqu, China",Jiuquan Space Center,Kuaizhou-1A,Success,Small,,41.31,100.31
2023-081,2023-06-07,China,China,"Jiuquan Space Center, Nei Monggol Zizhiqu, China",Jiuquan Space Center,Lijian-1,Success,Medium,,41.31,100.31
2023-080,2023-06-05,United States,United States,"Kennedy / Cape Canaveral, Florida",Kennedy / Cape Canaveral,Falcon 9,Success,Medium,,28.46,-80.54
2023-079,2023-06-04,United States,United States,"Kennedy / Cape Canaveral, Florida",Kennedy / Cape Canaveral,Falcon 9,Success,Medium,Yes,28.46,-80.54
2023-078,2023-05-31,United States,United States,"Vandenberg Space Force Base, California",Vandenberg Space Force Base,Falcon 9,Success,Medium,Yes,34.75,-120.62
2023-077,2023-05-30,China,China,"Jiuquan Space Center, Nei Monggol Zizhiqu, China",Jiuquan Space Center,Long March 2,Success,Medium,,41.31,100.31
2023-F06,2023-05-30,North Korea,Other,"Sohae Launch Site, Tongch'ang-dong, Pyongang-bukdo (N Pyongan Prov), N Korea",Sohae Launch Site,Cheonlima-1,Failure,Small,,39.66,124.706
2023-076,2023-05-29,India,Other,"Satish Dhawan Space Ctr, Sriharikota, Andhra Pradesh, India",Satish Dhawan Space Ctr,GSLV Mk II,Success,Medium,,13.621,80.303
2023-075,2023-05-27,United States,United States,"Kennedy / Cape Canaveral, Florida",Kennedy / Cape Canaveral,Falcon 9,Success,Medium,,28.46,-80.54
2023-073,2023-05-26,New Zealand,Major Non-NATO Ally,"Rocket Lab Launch Complex 1, Onenui Station, Mahia Peninsula",Rocket Lab Launch Complex 1,Electron,Success,Small,,-39.2609,177.8655
2023-074,2023-05-26,Russia/Soviet Union,Russia/Soviet Union,"Vostochniy, Svobodniy, Amurskaya Oblast', Rossiya",Vostochniy,Soyuz-2,Success,Medium,,51.7,128.0
2023-072,2023-05-25,South Korea,Major Non-NATO Ally,"Naro Space Center (Naro Uju Senteo),Oenaro I,GoHeung, Jeollanam-do,Korea",Naro Space Center,Nuri,Success,Small,,34.4318,127.5363
2023-071,2023-05-24,Russia/Soviet Union,Russia/Soviet Union,"Baykonur Kosmodrome, Kazakstan",Baykonur Kosmodrome,Soyuz-2,Success,Medium,,46.0,63.0
2023-069,2023-05-21,China,China,"Jiuquan Space Center, Nei Monggol Zizhiqu, China",Jiuquan Space Center,Long March 2,Success,Medium,,41.31,100.31
2023-070,2023-05-21,United States,United States,"Kennedy / Cape Canaveral, Florida",Kennedy / Cape Canaveral,Falcon 9,Success,Medium,,28.46,-80.54
2023-068,2023-05-20,United States,United States,"Vandenberg Space Force Base, California",Vandenberg Space Force Base,Falcon 9,Success,Medium,,34.75,-120.62
2023-067,2023-05-19,United States,United States,"Kennedy / Cape Canaveral, Florida",Kennedy / Cape Canaveral,Falcon 9,Success,Medium,Yes,28.46,-80.54
2023-066,2023-05-17,China,China,"Xichang Space Center (Songlin), Sichuan, China",Xichang Space Center (Songlin),Long March 3,Success,Medium,,28.2472,102.0291
2023-065,2023-05-14,United States,United States,"Kennedy / Cape Canaveral, Florida",Kennedy / Cape Canaveral,Falcon 9,Success,Medium,Yes,28.46,-80.54
2023-063,2023-05-10,China,China,"Wenchang Space Center, Hainan",Wenchang Space Center,Long March 7,Success,Medium,,19.6142,110.9511
2023-064,2023-05-10,United States,United States,"Vandenberg Space Force Base, California",Vandenberg Space Force Base,Falcon 9,Success,Medium,Yes,34.75,-120.62
2023-062,2023-05-08,New Zealand,Major Non-NATO Ally,"Rocket Lab Launch Complex 1, Onenui Station, Mahia Peninsula",Rocket Lab Launch Complex 1,Electron,Success,Small,,-39.2609,177.8655
2023-061,2023-05-04,United States,United States,"Kennedy / Cape Canaveral, Florida",Kennedy / Cape Canaveral,Falcon 9,Success,Medium,Yes,28.46,-80.54
2023-060,2023-05-01,United States,United States,"Kennedy / Cape Canaveral, Florida",Kennedy / Cape Canaveral,Falcon Heavy,Success,Super Heavy,,28.46,-80.54
2023-059,2023-04-28,United States,United States,"Kennedy / Cape Canaveral, Florida",Kennedy / Cape Canaveral,Falcon 9,Success,Medium,,28.46,-80.54
2023-058,2023-04-27,United States,United States,"Vandenberg Space Force Base, California",Vandenberg Space Force Base,Falcon 9,Success,Medium,Yes,34.75,-120.62
2023-057,2023-04-22,India,Other,"Satish Dhawan Space Ctr, Sriharikota, Andhra Pradesh, India",Satish Dhawan Space Ctr,PSLV,Success,Medium,,13.621,80.303
2023-F05,2023-04-20,United States,United States,"Starbase, Boca Chica Beach, Texas",Starbase,Starship,Failure,Super Heavy,,25.9964,-97.1536
2023-056,2023-04-19,United States,United States,"Kennedy / Cape Canaveral, Florida",Kennedy / Cape Canaveral,Falcon 9,Success,Medium,Yes,28.46,-80.54
2023-055,2023-04-16,China,China,"Jiuquan Space Center, Nei Monggol Zizhiqu, China",Jiuquan Space Center,Long March 4,Success,Medium,,41.31,100.31
2023-054,2023-04-15,United States,United States,"Vandenberg Space Force Base, California",Vandenberg Space Force Base,Falcon 9,Success,Medium,,34.75,-120.62
2023-053,2023-04-14,France,NATO Ally,"Centre Spatial Guyanais, Kourou, Guyane Francaise",Centre Spatial Guyanais,Ariane 5,Success,Heavy,,5.2333,-52.7517
2023-051,2023-04-07,China,China,"Jiuquan Space Center, Nei Monggol Zizhiqu, China",Jiuquan Space Center,Shuang Quxian 1,Success,Small,,41.31,100.31
2023-052,2023-04-07,United States,United States,"Kennedy / Cape Canaveral, Florida",Kennedy / Cape Canaveral,Falcon 9,Success,Medium,,28.46,-80.54
2023-049,2023-04-02,China,China,"Jiuquan Space Center, Nei Monggol Zizhiqu, China",Jiuquan Space Center,Tianlong-2,Success,Medium,,41.31,100.31
2023-050,2023-04-02,United States,United States,"Vandenberg Space Force Base, California",Vandenberg Space Force Base,Falcon 9,Success,Medium,,34.75,-120.62
2023-048,2023-03-31,China,China,"Jiuquan Space Center, Nei Monggol Zizhiqu, China",Jiuquan Space Center,Long March 4,Success,Medium,,41.31,100.31
2023-047,2023-03-30,China,China,Taiyuan weixing fashe zhongxin,Taiyuan weixing fashe zhongxin,Long March 2,Success,Medium,,37.5,112.6
2023-045,2023-03-29,Russia/Soviet Union,Russia/Soviet Union,"Plesetsk Kosmodrome, Russia",Plesetsk Kosmodrome,Soyuz-2,Success,Medium,,63.0,41.1
2023-046,2023-03-29,United States,United States,"Kennedy / Cape Canaveral, Florida",Kennedy / Cape Canaveral,Falcon 9,Success,Medium,Yes,28.46,-80.54
2023-044,2023-03-28,Israel,Major Non-NATO Ally,"Israeli Air Force Test Range, Palmachim Beach, Israel",Israeli Air Force Test Range,Shavit 2,Success,Small,,31.9,34.7
2023-043,2023-03-26,India,Other,"Satish Dhawan Space Ctr, Sriharikota, Andhra Pradesh, India",Satish Dhawan Space Ctr,LVM3,Success,Medium,,13.621,80.303
2023-041,2023-03-24,New Zealand,Major Non-NATO Ally,"Rocket Lab Launch Complex 1, Onenui Station, Mahia Peninsula",Rocket Lab Launch Complex 1,Electron,Success,Small,,-39.2609,177.8655
2023-042,2023-03-24,United States,United States,"Kennedy / Cape Canaveral, Florida",Kennedy / Cape Canaveral,Falcon 9,Success,Medium,Yes,28.46,-80.54
2023-040,2023-03-23,Russia/Soviet Union,Russia/Soviet Union,"Plesetsk Kosmodrome, Russia",Plesetsk Kosmodrome,Soyuz-2,Success,Medium,,63.0,41.1
2023-F04,2023-03-23,United States,United States,"Kennedy / Cape Canaveral, Florida",Kennedy / Cape Canaveral,Terran 1,Failure,Small,,28.46,-80.54
2023-039,2023-03-22,China,China,"Jiuquan Space Center, Nei Monggol Zizhiqu, China",Jiuquan Space Center,Kuaizhou-1A,Success,Small,,41.31,100.31
2023-036,2023-03-17,China,China,"Xichang Space Center (Songlin), Sichuan, China",Xichang Space Center (Songlin),Long March 3,Success,Medium,,28.2472,102.0291
2023-037,2023-03-17,United States,United States,"Vandenberg Space Force Base, California",Vandenberg Space Force Base,Falcon 9,Success,Medium,Yes,34.75,-120.62
2023-038,2023-03-17,United States,United States,"Kennedy / Cape Canaveral, Florida",Kennedy / Cape Canaveral,Falcon 9,Success,Medium,,28.46,-80.54
2023-035,2023-03-16,United States,United States,"Wallops Island, Virginia",Wallops Island,Electron,Success,Small,,37.83,-75.48
2023-033,2023-03-15,United States,United States,"Kennedy / Cape Canaveral, Florida",Kennedy / Cape Canaveral,Falcon 9,Success,Medium,,28.46,-80.54
2023-034,2023-03-15,China,China,"Jiuquan Space Center, Nei Monggol Zizhiqu, China",Jiuquan Space Center,Long March 11,Success,Small,,41.31,100.31
2023-032,2023-03-13,China,China,"Jiuquan Space Center, Nei Monggol Zizhiqu, China",Jiuquan Space Center,Long March 2,Success,Medium,,41.31,100.31
2023-031,2023-03-12,Russia/Soviet Union,Russia/Soviet Union,"Baykonur Kosmodrome, Kazakstan",Baykonur Kosmodrome,Proton-M,Success,Heavy,,46.0,63.0
2023-029,2023-03-09,United States,United States,"Kennedy / Cape Canaveral, Florida",Kennedy / Cape Canaveral,Falcon 9,Success,Medium,,28.46,-80.54
2023-030,2023-03-09,China,China,Taiyuan weixing fashe zhongxin,Taiyuan weixing fashe zhongxin,Long March 4,Success,Medium,,37.5,112.6
2023-F03,2023-03-07,Japan,Major Non-NATO Ally,"Tanegashima Space Center, Tanegashima, Nippon",Tanegashima Space Center,H3-22S,Failure,Medium,,30.4,130.97
2023-F10,2023-03-04,Iran,Other,"Imam Reza Space Ctr, Damghan (Shahroud), Iran (Dasht-E-Kabir?)",Imam Reza Space Ctr,Qaem-100,Failure,Small,,36.23,55.33
2023-028,2023-03-03,United States,United States,"Vandenberg Space Force Base, California",Vandenberg Space Force Base,Falcon 9,Success,Medium,Yes,34.75,-120.62
2023-027,2023-03-02,United States,United States,"Kennedy / Cape Canaveral, Florida",Kennedy / Cape Canaveral,Falcon 9,Success,Medium,,28.46,-80.54
2023-026,2023-02-27,United States,United States,"Kennedy / Cape Canaveral, Florida",Kennedy / Cape Canaveral,Falcon 9,Success,Medium,Yes,28.46,-80.54
2023-024,2023-02-24,Russia/Soviet Union,Russia/Soviet Union,"Baykonur Kosmodrome, Kazakstan",Baykonur Kosmodrome,Soyuz-2,Success,Medium,,46.0,63.0
2023-025,2023-02-24,China,China,"Jiuquan Space Center, Nei Monggol Zizhiqu, China",Jiuquan Space Center,Long March 2,Success,Medium,,41.31,100.31
2023-023,2023-02-23,China,China,"Xichang Space Center (Songlin), Sichuan, China",Xichang Space Center (Songlin),Long March 3,Success,Medium,,28.2472,102.0291
2023-022,2023-02-18,United States,United States,"Kennedy / Cape Canaveral, Florida",Kennedy / Cape Canaveral,Falcon 9,Success,Medium,,28.46,-80.54
2023-021,2023-02-17,United States,United States,"Vandenberg Space Force Base, California",Vandenberg Space Force Base,Falcon 9,Success,Medium,Yes,34.75,-120.62
2023-020,2023-02-12,United States,United States,"Kennedy / Cape Canaveral, Florida",Kennedy / Cape Canaveral,Falcon 9,Success,Medium,Yes,28.46,-80.54
2023-019,2023-02-10,India,Other,"Satish Dhawan Space Ctr, Sriharikota, Andhra Pradesh, India",Satish Dhawan Space Ctr,SSLV,Success,Small,,13.621,80.303
2023-018,2023-02-09,Russia/Soviet Union,Russia/Soviet Union,"Baykonur Kosmodrome, Kazakstan",Baykonur Kosmodrome,Soyuz-2,Success,Medium,,46.0,63.0
2023-017,2023-02-07,United States,United States,"Kennedy / Cape Canaveral, Florida",Kennedy / Cape Canaveral,Falcon 9,Success,Medium,,28.46,-80.54
2023-016,2023-02-05,Russia/Soviet Union,Russia/Soviet Union,"Baykonur Kosmodrome, Kazakstan",Baykonur Kosmodrome,Proton-M,Success,Heavy,,46.0,63.0
2023-015,2023-02-02,United States,United States,"Kennedy / Cape Canaveral, Florida",Kennedy / Cape Canaveral,Falcon 9,Success,Medium,Yes,28.46,-80.54
2023-014,2023-01-31,United States,United States,"Vandenberg Space Force Base, California",Vandenberg Space Force Base,Falcon 9,Success,Medium,Yes,34.75,-120.62
2023-012,2023-01-26,Japan,Major Non-NATO Ally,"Tanegashima Space Center, Tanegashima, Nippon",Tanegashima Space Center,H-II,Success,Medium,,30.4,130.97
2023-013,2023-01-26,United States,United States,"Kennedy / Cape Canaveral, Florida",Kennedy / Cape Canaveral,Falcon 9,Success,Medium,Yes,28.46,-80.54
2023-011,2023-01-24,United States,United States,"Wallops Island, Virginia",Wallops Island,Electron,Success,Small,,37.83,-75.48
2023-010,2023-01-19,United States,United States,"Vandenberg Space Force Base, California",Vandenberg Space Force Base,Falcon 9,Success,Medium,Yes,34.75,-120.62
2023-009,2023-01-18,United States,United States,"Kennedy / Cape Canaveral, Florida",Kennedy / Cape Canaveral,Falcon 9,Success,Medium,,28.46,-80.54
2023-007,2023-01-15,China,China,Taiyuan weixing fashe zhongxin,Taiyuan weixing fashe zhongxin,Long March 2,Success,Medium,,37.5,112.6
2023-008,2023-01-15,United States,United States,"Kennedy / Cape Canaveral, Florida",Kennedy / Cape Canaveral,Falcon Heavy,Success,Super Heavy,,28.46,-80.54
2023-006,2023-01-13,China,China,"Jiuquan Space Center, Nei Monggol Zizhiqu, China",Jiuquan Space Center,Long March 2,Success,Medium,,41.31,100.31
2023-005,2023-01-12,China,China,"Xichang Space Center (Songlin), Sichuan, China",Xichang Space Center (Songlin),Long March 2,Success,Medium,,28.2472,102.0291
2023-004,2023-01-10,United States,United States,"Kennedy / Cape Canaveral, Florida",Kennedy / Cape Canaveral,Falcon 9,Success,Medium,,28.46,-80.54
2023-F02,2023-01-10,United States,United States,"Pacific Spaceport Complex Alaska, Kodiak Island, Alaska",Pacific Spaceport Complex Alaska,RS1,Failure,Small,,57.4359,-152.3378
2023-003,2023-01-09,China,China,"Jiuquan Space Center, Nei Monggol Zizhiqu, China",Jiuquan Space Center,Gushenxing 1,Success,Small,,41.31,100.31
2023-F01,2023-01-09,United Kingdom,NATO Ally,Cornwall Airport Newquay,Cornwall Airport Newquay,LauncherOne,Failure,Small,,50.4408,-5.0076
2023-002,2023-01-08,China,China,"Wenchang Space Center, Hainan",Wenchang Space Center,Long March 7,Success,Medium,,19.6142,110.9511
2023-001,2023-01-03,United States,United States,"Kennedy / Cape Canaveral, Florida",Kennedy / Cape Canaveral,Falcon 9,Success,Medium,,28.46,-80.54
2022-179,2022-12-30,United States,United States,"Vandenberg Space Force Base, California",Vandenberg Space Force Base,Falcon 9,Success,Medium,,34.75,-120.62
2022-178,2022-12-29,China,China,"Xichang Space Center (Songlin), Sichuan, China",Xichang Space Center (Songlin),Long March 3,Success,Medium,,28.2472,102.0291
2022-177,2022-12-28,United States,United States,"Kennedy / Cape Canaveral, Florida",Kennedy / Cape Canaveral,Falcon 9,Success,Medium,Yes,28.46,-80.54
2022-176,2022-12-27,China,China,Taiyuan weixing fashe zhongxin,Taiyuan weixing fashe zhongxin,Long March 4,Success,Medium,,37.5,112.6
2022-F06,2022-12-21,France,NATO Ally,"Centre Spatial Guyanais, Kourou, Guyane Francaise",Centre Spatial Guyanais,Vega C,Failure,Medium,,5.2333,-52.7517
2022-175,2022-12-17,United States,United States,"Kennedy / Cape Canaveral, Florida",Kennedy / Cape Canaveral,Falcon 9,Success,Medium,Yes,28.46,-80.54
2022-172,2022-12-16,China,China,"Xichang Space Center (Songlin), Sichuan, China",Xichang Space Center (Songlin),Long March 11,Success,Small,,28.2472,102.0291
2022-173,2022-12-16,United States,United States,"Vandenberg Space Force Base, California",Vandenberg Space Force Base,Falcon 9,Success,Medium,,34.75,-120.62
2022-174,2022-12-16,United States,United States,"Kennedy / Cape Canaveral, Florida",Kennedy / Cape Canaveral,Falcon 9,Success,Medium,,28.46,-80.54
2022-171,2022-12-14,China,China,"Xichang Space Center (Songlin), Sichuan, China",Xichang Space Center (Songlin),Long March 2,Success,Medium,,28.2472,102.0291
2022-F05,2022-12-14,China,China,"Jiuquan Space Center, Nei Monggol Zizhiqu, China",Jiuquan Space Center,Zhuque-2,Failure,Medium,,41.31,100.31
2022-170,2022-12-13,France,NATO Ally,"Centre Spatial Guyanais, Kourou, Guyane Francaise",Centre Spatial Guyanais,Ariane 5,Success,Heavy,,5.2333,-52.7517
2022-169,2022-12-12,China,China,"Jiuquan Space Center, Nei Monggol Zizhiqu, China",Jiuquan Space Center,Long March 4,Success,Medium,,41.31,100.31
2022-168,2022-12-11,United States,United States,"Kennedy / Cape Canaveral, Florida",Kennedy / Cape Canaveral,Falcon 9,Success,Medium,,28.46,-80.54
2022-167,2022-12-09,China,China,Huang Hai CZ-11 launch zone,Huang Hai CZ-11 launch zone,Jielong-3,Success,Small,,34.9,121.19
2022-165,2022-12-08,China,China,Taiyuan weixing fashe zhongxin,Taiyuan weixing fashe zhongxin,Long March 2,Success,Medium,,37.5,112.6
2022-166,2022-12-08,United States,United States,"Kennedy / Cape Canaveral, Florida",Kennedy / Cape Canaveral,Falcon 9,Success,Medium,,28.46,-80.54
2022-164,2022-12-07,China,China,"Jiuquan Space Center, Nei Monggol Zizhiqu, China",Jiuquan Space Center,Kuaizhou-11,Success,Small,,41.31,100.31
2022-163,2022-11-30,Russia/Soviet Union,Russia/Soviet Union,"Plesetsk Kosmodrome, Russia",Plesetsk Kosmodrome,Soyuz-2,Success,Medium,,63.0,41.1
2022-162,2022-11-29,China,China,"Jiuquan Space Center, Nei Monggol Zizhiqu, China",Jiuquan Space Center,Long March 2,Success,Medium,,41.31,100.31
2022-161,2022-11-28,Russia/Soviet Union,Russia/Soviet Union,"Plesetsk Kosmodrome, Russia",Plesetsk Kosmodrome,Soyuz-2,Success,Medium,,63.0,41.1
2022-160,2022-11-27,China,China,"Xichang Space Center (Songlin), Sichuan, China",Xichang Space Center (Songlin),Long March 2,Success,Medium,,28.2472,102.0291
2022-158,2022-11-26,India,Other,"Satish Dhawan Space Ctr, Sriharikota, Andhra Pradesh, India",Satish Dhawan Space Ctr,PSLV,Success,Medium,,13.621,80.303
2022-159,2022-11-26,United States,United States,"Kennedy / Cape Canaveral, Florida",Kennedy / Cape Canaveral,Falcon 9,Success,Medium,,28.46,-80.54
2022-157,2022-11-23,United States,United States,"Kennedy / Cape Canaveral, Florida",Kennedy / Cape Canaveral,Falcon 9,Success,Medium,,28.46,-80.54
2022-155,2022-11-16,China,China,"Jiuquan Space Center, Nei Monggol Zizhiqu, China",Jiuquan Space Center,Gushenxing 1,Success,Small,,41.31,100.31
2022-156,2022-11-16,United States,United States,"Kennedy / Cape Canaveral, Florida",Kennedy / Cape Canaveral,SLS Block 1,Success,Super Heavy,,28.46,-80.54
2022-154,2022-11-15,China,China,"Jiuquan Space Center, Nei Monggol Zizhiqu, China",Jiuquan Space Center,Long March 4,Success,Medium,,41.31,100.31
2022-152,2022-11-12,China,China,"Wenchang Space Center, Hainan",Wenchang Space Center,Long March 7,Success,Medium,,19.6142,110.9511
2022-153,2022-11-12,United States,United States,"Kennedy / Cape Canaveral, Florida",Kennedy / Cape Canaveral,Falcon 9,Success,Medium,,28.46,-80.54
2022-151,2022-11-11,China,China,Taiyuan weixing fashe zhongxin,Taiyuan weixing fashe zhongxin,Long March 6,Success,Medium,,37.5,112.6
2022-150,2022-11-10,United States,United States,"Vandenberg Space Force Base, California",Vandenberg Space Force Base,Atlas V,Success,Medium,,34.75,-120.62
2022-149,2022-11-07,United States,United States,"Wallops Island, Virginia",Wallops Island,Antares 230+,Success,Medium,,37.83,-75.48
2022-148,2022-11-05,China,China,"Xichang Space Center (Songlin), Sichuan, China",Xichang Space Center (Songlin),Long March 3,Success,Medium,,28.2472,102.0291
2022-147,2022-11-04,New Zealand,Major Non-NATO Ally,"Rocket Lab Launch Complex 1, Onenui Station, Mahia Peninsula",Rocket Lab Launch Complex 1,Electron,Success,Small,,-39.2609,177.8655
2022-146,2022-11-03,United States,United States,"Kennedy / Cape Canaveral, Florida",Kennedy / Cape Canaveral,Falcon 9,Success,Medium,,28.46,-80.54
2022-145,2022-11-02,Russia/Soviet Union,Russia/Soviet Union,"Plesetsk Kosmodrome, Russia",Plesetsk Kosmodrome,Soyuz-2,Success,Medium,,63.0,41.1
2022-144,2022-11-01,United States,United States,"Kennedy / Cape Canaveral, Florida",Kennedy / Cape Canaveral,Falcon Heavy,Success,Super Heavy,,28.46,-80.54
2022-143,2022-10-31,China,China,"Wenchang Space Center, Hainan",Wenchang Space Center,Long March 5,Success,Heavy,,19.6142,110.9511
2022-142,2022-10-29,China,China,"Jiuquan Space Center, Nei Monggol Zizhiqu, China",Jiuquan Space Center,Long March 2,Success,Medium,,41.31,100.31
2022-141,2022-10-28,United States,United States,"Vandenberg Space Force Base, California",Vandenberg Space Force Base,Falcon 9,Success,Medium,Yes,34.75,-120.62
2022-140,2022-10-26,Russia/Soviet Union,Russia/Soviet Union,"Baykonur Kosmodrome, Kazakstan",Baykonur Kosmodrome,Soyuz-2,Success,Medium,,46.0,63.0
2022-138,2022-10-22,India,Other,"Satish Dhawan Space Ctr, Sriharikota, Andhra Pradesh, India",Satish Dhawan Space Ctr,LVM3,Success,Medium,,13.621,80.303
2022-139,2022-10-22,Russia/Soviet Union,Russia/Soviet Union,"Vostochniy, Svobodniy, Amurskaya Oblast', Rossiya",Vostochniy,Soyuz-2,Success,Medium,,51.7,128.0
2022-137,2022-10-21,Russia/Soviet Union,Russia/Soviet Union,"Plesetsk Kosmodrome, Russia",Plesetsk Kosmodrome,Soyuz-2,Success,Medium,,63.0,41.1
2022-136,2022-10-20,United States,United States,"Kennedy / Cape Canaveral, Florida",Kennedy / Cape Canaveral,Falcon 9,Success,Medium,Yes,28.46,-80.54
2022-134,2022-10-15,United States,United States,"Kennedy / Cape Canaveral, Florida",Kennedy / Cape Canaveral,Falcon 9,Success,Medium,,28.46,-80.54
2022-135,2022-10-15,Russia/Soviet Union,Russia/Soviet Union,"Plesetsk Kosmodrome, Russia",Plesetsk Kosmodrome,Angara-1.2,Success,Small,,63.0,41.1
2022-133,2022-10-14,China,China,"Xichang Space Center (Songlin), Sichuan, China",Xichang Space Center (Songlin),Long March 2,Success,Medium,,28.2472,102.0291
2022-131,2022-10-12,Russia/Soviet Union,Russia/Soviet Union,"Baykonur Kosmodrome, Kazakstan",Baykonur Kosmodrome,Proton-M,Success,Heavy,,46.0,63.0
2022-132,2022-10-12,China,China,Taiyuan weixing fashe zhongxin,Taiyuan weixing fashe zhongxin,Long March 2,Success,Medium,,37.5,112.6
2022-F04,2022-10-12,Japan,Major Non-NATO Ally,"Uchinoura Space Center, Kagoshima (formerly Kagoshima)",Uchinoura Space Center,Epsilon,Failure,Small,,31.25,131.079
2022-130,2022-10-10,Russia/Soviet Union,Russia/Soviet Union,"Plesetsk Kosmodrome, Russia",Plesetsk Kosmodrome,Soyuz-2,Success,Medium,,63.0,41.1
2022-128,2022-10-08,United States,United States,"Kennedy / Cape Canaveral, Florida",Kennedy / Cape Canaveral,Falcon 9,Success,Medium,,28.46,-80.54
2022-129,2022-10-08,China,China,"Jiuquan Space Center, Nei Monggol Zizhiqu, China",Jiuquan Space Center,Long March 2,Success,Medium,,41.31,100.31
2022-126,2022-10-07,China,China,Huang Hai CZ-11 launch zone,Huang Hai CZ-11 launch zone,Long March 11,Success,Small,,34.9,121.19
2022-127,2022-10-07,New Zealand,Major Non-NATO Ally,"Rocket Lab Launch Complex 1, Onenui Station, Mahia Peninsula",Rocket Lab Launch Complex 1,Electron,Success,Small,,-39.2609,177.8655
2022-124,2022-10-05,United States,United States,"Kennedy / Cape Canaveral, Florida",Kennedy / Cape Canaveral,Falcon 9,Success,Medium,,28.46,-80.54
2022-125,2022-10-05,United States,United States,"Vandenberg Space Force Base, California",Vandenberg Space Force Base,Falcon 9,Success,Medium,Yes,34.75,-120.62
2022-123,2022-10-04,United States,United States,"Kennedy / Cape Canaveral, Florida",Kennedy / Cape Canaveral,Atlas V,Success,Medium,,28.46,-80.54
2022-122,2022-10-01,United States,United States,"Vandenberg Space Force Base, California",Vandenberg Space Force Base,Firefly Alpha,Success,Undetermined,,34.75,-120.62
2022-120,2022-09-26,China,China,"Xichang Space Center (Songlin), Sichuan, China",Xichang Space Center (Songlin),Long March 2,Success,Medium,,28.2472,102.0291
2022-121,2022-09-26,China,China,Taiyuan weixing fashe zhongxin,Taiyuan weixing fashe zhongxin,Long March 6,Success,Small,,37.5,112.6
2022-117,2022-09-24,United States,United States,"Vandenberg Space Force Base, California",Vandenberg Space Force Base,Delta IV,Success,Heavy,,34.75,-120.62
2022-118,2022-09-24,China,China,Taiyuan weixing fashe zhongxin,Taiyuan weixing fashe zhongxin,Kuaizhou-1A,Success,Small,,37.5,112.6
2022-119,2022-09-24,United States,United States,"Kennedy / Cape Canaveral, Florida",Kennedy / Cape Canaveral,Falcon 9,Success,Medium,Yes,28.46,-80.54
2022-116,2022-09-21,Russia/Soviet Union,Russia/Soviet Union,"Baykonur Kosmodrome, Kazakstan",Baykonur Kosmodrome,Soyuz-2,Success,Medium,,46.0,63.0
2022-115,2022-09-20,China,China,"Jiuquan Space Center, Nei Monggol Zizhiqu, China",Jiuquan Space Center,Long March 2,Success,Medium,,41.31,100.31
2022-114,2022-09-19,United States,United States,"Kennedy / Cape Canaveral, Florida",Kennedy / Cape Canaveral,Falcon 9,Success,Medium,Yes,28.46,-80.54
2022-113,2022-09-15,New Zealand,Major Non-NATO Ally,"Rocket Lab Launch Complex 1, Onenui Station, Mahia Peninsula",Rocket Lab Launch Complex 1,Electron,Success,Small,,-39.2609,177.8655
2022-112,2022-09-13,China,China,"Wenchang Space Center, Hainan",Wenchang Space Center,Long March 7,Success,Medium,,19.6142,110.9511
2022-111,2022-09-11,United States,United States,"Kennedy / Cape Canaveral, Florida",Kennedy / Cape Canaveral,Falcon 9,Success,Medium,Yes,28.46,-80.54
2022-110,2022-09-07,France,NATO Ally,"Centre Spatial Guyanais, Kourou, Guyane Francaise",Centre Spatial Guyanais,Ariane 5,Success,Heavy,,5.2333,-52.7517
2022-108,2022-09-06,China,China,"Jiuquan Space Center, Nei Monggol Zizhiqu, China",Jiuquan Space Center,Kuaizhou-1A,Success,Small,,41.31,100.31
2022-109,2022-09-06,China,China,"Xichang Space Center (Songlin), Sichuan, China",Xichang Space Center (Songlin),Long March 2,Success,Medium,,28.2472,102.0291
2022-107,2022-09-05,United States,United States,"Kennedy / Cape Canaveral, Florida",Kennedy / Cape Canaveral,Falcon 9,Success,Medium,Yes,28.46,-80.54
2022-106,2022-09-02,China,China,"Jiuquan Space Center, Nei Monggol Zizhiqu, China",Jiuquan Space Center,Long March 4,Success,Medium,,41.31,100.31
2022-105,2022-08-31,United States,United States,"Vandenberg Space Force Base, California",Vandenberg Space Force Base,Falcon 9,Success,Medium,Yes,34.75,-120.62
2022-104,2022-08-28,United States,United States,"Kennedy / Cape Canaveral, Florida",Kennedy / Cape Canaveral,Falcon 9,Success,Medium,Yes,28.46,-80.54
2022-103,2022-08-24,China,China,Taiyuan weixing fashe zhongxin,Taiyuan weixing fashe zhongxin,Long March 2,Success,Medium,,37.5,112.6
2022-102,2022-08-23,China,China,"Xichang Space Center (Songlin), Sichuan, China",Xichang Space Center (Songlin),Kuaizhou-1A,Success,Small,,28.2472,102.0291
2022-100,2022-08-19,China,China,"Xichang Space Center (Songlin), Sichuan, China",Xichang Space Center (Songlin),Long March 2,Success,Medium,,28.2472,102.0291
2022-101,2022-08-19,United States,United States,"Kennedy / Cape Canaveral, Florida",Kennedy / Cape Canaveral,Falcon 9,Success,Medium,Yes,28.46,-80.54
2022-099,2022-08-12,United States,United States,"Vandenberg Space Force Base, California",Vandenberg Space Force Base,Falcon 9,Success,Medium,Yes,34.75,-120.62
2022-097,2022-08-10,United States,United States,"Kennedy / Cape Canaveral, Florida",Kennedy / Cape Canaveral,Falcon 9,Success,Medium,Yes,28.46,-80.54
2022-098,2022-08-10,China,China,Taiyuan weixing fashe zhongxin,Taiyuan weixing fashe zhongxin,Long March 6,Success,Small,,37.5,112.6
2022-095,2022-08-09,China,China,"Jiuquan Space Center, Nei Monggol Zizhiqu, China",Jiuquan Space Center,Gushenxing 1,Success,Small,,41.31,100.31
2022-096,2022-08-09,Russia/Soviet Union,Russia/Soviet Union,"Baykonur Kosmodrome, Kazakstan",Baykonur Kosmodrome,Soyuz-2,Success,Medium,,46.0,63.0
2022-U02,2022-08-07,India,Other,"Satish Dhawan Space Ctr, Sriharikota, Andhra Pradesh, India",Satish Dhawan Space Ctr,SSLV,Failure,Small,,13.621,80.303
2022-090,2022-08-04,China,China,Taiyuan weixing fashe zhongxin,Taiyuan weixing fashe zhongxin,Long March 4,Success,Medium,,37.5,112.6
2022-091,2022-08-04,New Zealand,Major Non-NATO Ally,"Rocket Lab Launch Complex 1, Onenui Station, Mahia Peninsula",Rocket Lab Launch Complex 1,Electron,Success,Small,,-39.2609,177.8655
2022-092,2022-08-04,United States,United States,"Kennedy / Cape Canaveral, Florida",Kennedy / Cape Canaveral,Atlas V,Success,Medium,,28.46,-80.54
2022-093,2022-08-04,China,China,"Jiuquan Space Center, Nei Monggol Zizhiqu, China",Jiuquan Space Center,Long March 2,Success,Medium,,41.31,100.31
2022-094,2022-08-04,United States,United States,"Kennedy / Cape Canaveral, Florida",Kennedy / Cape Canaveral,Falcon 9,Success,Medium,,28.46,-80.54
2022-089,2022-08-01,Russia/Soviet Union,Russia/Soviet Union,"Plesetsk Kosmodrome, Russia",Plesetsk Kosmodrome,Soyuz-2,Success,Medium,,63.0,41.1
2022-088,2022-07-29,China,China,"Xichang Space Center (Songlin), Sichuan, China",Xichang Space Center (Songlin),Long March 2,Success,Medium,,28.2472,102.0291
2022-087,2022-07-27,China,China,"Jiuquan Space Center, Nei Monggol Zizhiqu, China",Jiuquan Space Center,Lijian-1,Success,Medium,,41.31,100.31
2022-085,2022-07-24,China,China,"Wenchang Space Center, Hainan",Wenchang Space Center,Long March 5,Success,Heavy,,19.6142,110.9511
2022-086,2022-07-24,United States,United States,"Kennedy / Cape Canaveral, Florida",Kennedy / Cape Canaveral,Falcon 9,Success,Medium,Yes,28.46,-80.54
2022-084,2022-07-22,United States,United States,"Vandenberg Space Force Base, California",Vandenberg Space Force Base,Falcon 9,Success,Medium,Yes,34.75,-120.62
2022-083,2022-07-17,United States,United States,"Kennedy / Cape Canaveral, Florida",Kennedy / Cape Canaveral,Falcon 9,Success,Medium,Yes,28.46,-80.54
2022-081,2022-07-15,United States,United States,"Kennedy / Cape Canaveral, Florida",Kennedy / Cape Canaveral,Falcon 9,Success,Medium,,28.46,-80.54
2022-082,2022-07-15,China,China,Taiyuan weixing fashe zhongxin,Taiyuan weixing fashe zhongxin,Long March 2,Success,Medium,,37.5,112.6
2022-079,2022-07-13,New Zealand,Major Non-NATO Ally,"Rocket Lab Launch Complex 1, Onenui Station, Mahia Peninsula",Rocket Lab Launch Complex 1,Electron,Success,Small,,-39.2609,177.8655
2022-080,2022-07-13,France,NATO Ally,"Centre Spatial Guyanais, Kourou, Guyane Francaise",Centre Spatial Guyanais,Vega C,Success,Medium,,5.2333,-52.7517
2022-078,2022-07-12,China,China,"Xichang Space Center (Songlin), Sichuan, China",Xichang Space Center (Songlin),Long March 3,Success,Medium,,28.2472,102.0291
2022-077,2022-07-11,United States,United States,"Vandenberg Space Force Base, California",Vandenberg Space Force Base,Falcon 9,Success,Medium,Yes,34.75,-120.62
2022-075,2022-07-07,Russia/Soviet Union,Russia/Soviet Union,"Plesetsk Kosmodrome, Russia",Plesetsk Kosmodrome,Soyuz-2,Success,Medium,,63.0,41.1
2022-076,2022-07-07,United States,United States,"Kennedy / Cape Canaveral, Florida",Kennedy / Cape Canaveral,Falcon 9,Success,Medium,Yes,28.46,-80.54
2022-074,2022-07-02,United States,United States,"Mojave Spaceport, California",Mojave Spaceport,LauncherOne,Success,Small,,35.0487,-118.1357
2022-073,2022-07-01,United States,United States,"Kennedy / Cape Canaveral, Florida",Kennedy / Cape Canaveral,Atlas V,Success,Medium,,28.46,-80.54
2022-072,2022-06-30,India,Other,"Satish Dhawan Space Ctr, Sriharikota, Andhra Pradesh, India",Satish Dhawan Space Ctr,PSLV,Success,Medium,,13.621,80.303
2022-071,2022-06-29,United States,United States,"Kennedy / Cape Canaveral, Florida",Kennedy / Cape Canaveral,Falcon 9,Success,Medium,,28.46,-80.54
2022-070,2022-06-28,New Zealand,Major Non-NATO Ally,"Rocket Lab Launch Complex 1, Onenui Station, Mahia Peninsula",Rocket Lab Launch Complex 1,Electron,Success,Small,,-39.2609,177.8655
2022-069,2022-06-27,China,China,"Jiuquan Space Center, Nei Monggol Zizhiqu, China",Jiuquan Space Center,Long March 4,Success,Medium,,41.31,100.31
2022-068,2022-06-23,China,China,"Xichang Space Center (Songlin), Sichuan, China",Xichang Space Center (Songlin),Long March 2,Success,Medium,,28.2472,102.0291
2022-066,2022-06-22,China,China,"Jiuquan Space Center, Nei Monggol Zizhiqu, China",Jiuquan Space Center,Kuaizhou-1A,Success,Small,,41.31,100.31
2022-067,2022-06-22,France,NATO Ally,"Centre Spatial Guyanais, Kourou, Guyane Francaise",Centre Spatial Guyanais,Ariane 5,Success,Heavy,,5.2333,-52.7517
2022-065,2022-06-21,South Korea,Major Non-NATO Ally,"Naro Space Center (Naro Uju Senteo),Oenaro I,GoHeung, Jeollanam-do,Korea",Naro Space Center,Nuri,Success,Small,,34.4318,127.5363
2022-064,2022-06-19,United States,United States,"Kennedy / Cape Canaveral, Florida",Kennedy / Cape Canaveral,Falcon 9,Success,Medium,,28.46,-80.54
2022-063,2022-06-18,United States,United States,"Vandenberg Space Force Base, California",Vandenberg Space Force Base,Falcon 9,Success,Medium,,34.75,-120.62
2022-062,2022-06-17,United States,United States,"Kennedy / Cape Canaveral, Florida",Kennedy / Cape Canaveral,Falcon 9,Success,Medium,Yes,28.46,-80.54
2022-F03,2022-06-12,United States,United States,"Kennedy / Cape Canaveral, Florida",Kennedy / Cape Canaveral,Astra Rocket 3.3,Failure,Small,,28.46,-80.54
2022-061,2022-06-08,United States,United States,"Kennedy / Cape Canaveral, Florida",Kennedy / Cape Canaveral,Falcon 9,Success,Medium,,28.46,-80.54
2022-060,2022-06-05,China,China,"Jiuquan Space Center, Nei Monggol Zizhiqu, China",Jiuquan Space Center,Long March 2,Success,Medium,,41.31,100.31
2022-059,2022-06-03,Russia/Soviet Union,Russia/Soviet Union,"Baykonur Kosmodrome, Kazakstan",Baykonur Kosmodrome,Soyuz-2,Success,Medium,,46.0,63.0
2022-058,2022-06-02,China,China,"Xichang Space Center (Songlin), Sichuan, China",Xichang Space Center (Songlin),Long March 2,Success,Medium,,28.2472,102.0291
2022-057,2022-05-25,United States,United States,"Kennedy / Cape Canaveral, Florida",Kennedy / Cape Canaveral,Falcon 9,Success,Medium,,28.46,-80.54
2022-056,2022-05-20,China,China,"Jiuquan Space Center, Nei Monggol Zizhiqu, China",Jiuquan Space Center,Long March 2,Success,Medium,,41.31,100.31
2022-054,2022-05-19,Russia/Soviet Union,Russia/Soviet Union,"Plesetsk Kosmodrome, Russia",Plesetsk Kosmodrome,Soyuz-2,Success,Medium,,63.0,41.1
2022-055,2022-05-19,United States,United States,"Kennedy / Cape Canaveral, Florida",Kennedy / Cape Canaveral,Atlas V,Success,Medium,,28.46,-80.54
2022-053,2022-05-18,United States,United States,"Kennedy / Cape Canaveral, Florida",Kennedy / Cape Canaveral,Falcon 9,Success,Medium,Yes,28.46,-80.54
2022-052,2022-05-14,United States,United States,"Kennedy / Cape Canaveral, Florida",Kennedy / Cape Canaveral,Falcon 9,Success,Medium,Yes,28.46,-80.54
2022-051,2022-05-13,United States,United States,"Vandenberg Space Force Base, California",Vandenberg Space Force Base,Falcon 9,Success,Medium,Yes,34.75,-120.62
2022-F02,2022-05-13,China,China,"Jiuquan Space Center, Nei Monggol Zizhiqu, China",Jiuquan Space Center,Shuang Quxian 1,Failure,Small,,41.31,100.31
2022-050,2022-05-09,China,China,"Wenchang Space Center, Hainan",Wenchang Space Center,Long March 7,Success,Medium,,19.6142,110.9511
2022-049,2022-05-06,United States,United States,"Kennedy / Cape Canaveral, Florida",Kennedy / Cape Canaveral,Falcon 9,Success,Medium,Yes,28.46,-80.54
2022-048,2022-05-05,China,China,Taiyuan weixing fashe zhongxin,Taiyuan weixing fashe zhongxin,Long March 2,Success,Medium,,37.5,112.6
2022-047,2022-05-02,New Zealand,Major Non-NATO Ally,"Rocket Lab Launch Complex 1, Onenui Station, Mahia Peninsula",Rocket Lab Launch Complex 1,Electron,Success,Small,,-39.2609,177.8655
2022-046,2022-04-30,China,China,Huang Hai CZ-11 launch zone,Huang Hai CZ-11 launch zone,Long March 11,Success,Small,,34.9,121.19
2022-043,2022-04-29,China,China,"Jiuquan Space Center, Nei Monggol Zizhiqu, China",Jiuquan Space Center,Long March 2,Success,Medium,,41.31,100.31
2022-044,2022-04-29,Russia/Soviet Union,Russia/Soviet Union,"Plesetsk Kosmodrome, Russia",Plesetsk Kosmodrome,Angara-1.2,Success,Small,,63.0,41.1
2022-045,2022-04-29,United States,United States,"Kennedy / Cape Canaveral, Florida",Kennedy / Cape Canaveral,Falcon 9,Success,Medium,Yes,28.46,-80.54
2022-042,2022-04-27,United States,United States,"Kennedy / Cape Canaveral, Florida",Kennedy / Cape Canaveral,Falcon 9,Success,Medium,,28.46,-80.54
2022-041,2022-04-21,United States,United States,"Kennedy / Cape Canaveral, Florida",Kennedy / Cape Canaveral,Falcon 9,Success,Medium,Yes,28.46,-80.54
2022-040,2022-04-17,United States,United States,"Vandenberg Space Force Base, California",Vandenberg Space Force Base,Falcon 9,Success,Medium,,34.75,-120.62
2022-038,2022-04-15,China,China,"Xichang Space Center (Songlin), Sichuan, China",Xichang Space Center (Songlin),Long March 3,Success,Medium,,28.2472,102.0291
2022-039,2022-04-15,China,China,Taiyuan weixing fashe zhongxin,Taiyuan weixing fashe zhongxin,Long March 4,Success,Medium,,37.5,112.6
2022-037,2022-04-08,United States,United States,"Kennedy / Cape Canaveral, Florida",Kennedy / Cape Canaveral,Falcon 9,Success,Medium,,28.46,-80.54
2022-036,2022-04-07,Russia/Soviet Union,Russia/Soviet Union,"Plesetsk Kosmodrome, Russia",Plesetsk Kosmodrome,Soyuz-2,Success,Medium,,63.0,41.1
2022-035,2022-04-06,China,China,"Jiuquan Space Center, Nei Monggol Zizhiqu, China",Jiuquan Space Center,Long March 4,Success,Medium,,41.31,100.31
2022-034,2022-04-02,New Zealand,Major Non-NATO Ally,"Rocket Lab Launch Complex 1, Onenui Station, Mahia Peninsula",Rocket Lab Launch Complex 1,Electron,Success,Small,,-39.2609,177.8655
2022-033,2022-04-01,United States,United States,"Kennedy / Cape Canaveral, Florida",Kennedy / Cape Canaveral,Falcon 9,Success,Medium,,28.46,-80.54
2022-032,2022-03-30,China,China,"Jiuquan Space Center, Nei Monggol Zizhiqu, China",Jiuquan Space Center,Long March 11,Success,Small,,41.31,100.31
2022-031,2022-03-29,China,China,Taiyuan weixing fashe zhongxin,Taiyuan weixing fashe zhongxin,Long March 6,Success,Medium,,37.5,112.6
2022-030,2022-03-22,Russia/Soviet Union,Russia/Soviet Union,"Plesetsk Kosmodrome, Russia",Plesetsk Kosmodrome,Soyuz-2,Success,Medium,,63.0,41.1
2022-029,2022-03-19,United States,United States,"Kennedy / Cape Canaveral, Florida",Kennedy / Cape Canaveral,Falcon 9,Success,Medium,Yes,28.46,-80.54
2022-028,2022-03-18,Russia/Soviet Union,Russia/Soviet Union,"Baykonur Kosmodrome, Kazakstan",Baykonur Kosmodrome,Soyuz-2,Success,Medium,,46.0,63.0
2022-027,2022-03-17,China,China,"Jiuquan Space Center, Nei Monggol Zizhiqu, China",Jiuquan Space Center,Long March 4,Success,Medium,,41.31,100.31
2022-026,2022-03-15,United States,United States,"Pacific Spaceport Complex Alaska, Kodiak Island, Alaska",Pacific Spaceport Complex Alaska,Astra Rocket 3.3,Success,Small,,57.4359,-152.3378
2022-025,2022-03-09,United States,United States,"Kennedy / Cape Canaveral, Florida",Kennedy / Cape Canaveral,Falcon 9,Success,Medium,Yes,28.46,-80.54
2022-024,2022-03-08,Iran,Other,"Imam Reza Space Ctr, Damghan (Shahroud), Iran (Dasht-E-Kabir?)",Imam Reza Space Ctr,Qased,Success,Small,,36.23,55.33
2022-023,2022-03-05,China,China,"Xichang Space Center (Songlin), Sichuan, China",Xichang Space Center (Songlin),Long March 2,Success,Medium,,28.2472,102.0291
2022-022,2022-03-03,United States,United States,"Kennedy / Cape Canaveral, Florida",Kennedy / Cape Canaveral,Falcon 9,Success,Medium,Yes,28.46,-80.54
2022-021,2022-03-01,United States,United States,"Kennedy / Cape Canaveral, Florida",Kennedy / Cape Canaveral,Atlas V,Success,Medium,,28.46,-80.54
2022-020,2022-02-28,New Zealand,Major Non-NATO Ally,"Rocket Lab Launch Complex 1, Onenui Station, Mahia Peninsula",Rocket Lab Launch Complex 1,Electron,Success,Small,,-39.2609,177.8655
2022-019,2022-02-27,China,China,"Wenchang Space Center, Hainan",Wenchang Space Center,Long March 8,Success,Medium,,19.6142,110.9511
2022-018,2022-02-26,China,China,"Jiuquan Space Center, Nei Monggol Zizhiqu, China",Jiuquan Space Center,Long March 4,Success,Medium,,41.31,100.31
2022-017,2022-02-25,United States,United States,"Vandenberg Space Force Base, California",Vandenberg Space Force Base,Falcon 9,Success,Medium,Yes,34.75,-120.62
2022-016,2022-02-21,United States,United States,"Kennedy / Cape Canaveral, Florida",Kennedy / Cape Canaveral,Falcon 9,Success,Medium,Yes,28.46,-80.54
2022-015,2022-02-19,United States,United States,"Wallops Island, Virginia",Wallops Island,Antares 230+,Success,Medium,,37.83,-75.48
2022-014,2022-02-15,Russia/Soviet Union,Russia/Soviet Union,"Baykonur Kosmodrome, Kazakstan",Baykonur Kosmodrome,Soyuz-2,Success,Medium,,46.0,63.0
2022-013,2022-02-14,India,Other,"Satish Dhawan Space Ctr, Sriharikota, Andhra Pradesh, India",Satish Dhawan Space Ctr,PSLV,Success,Medium,,13.621,80.303
2022-012,2022-02-10,France,NATO Ally,"Centre Spatial Guyanais, Kourou, Guyane Francaise",Centre Spatial Guyanais,Soyuz-2,Success,Medium,,5.2333,-52.7517
2022-F01,2022-02-10,United States,United States,"Kennedy / Cape Canaveral, Florida",Kennedy / Cape Canaveral,Astra Rocket 3.3,Failure,Small,,28.46,-80.54
2022-011,2022-02-05,Russia/Soviet Union,Russia/Soviet Union,"Plesetsk Kosmodrome, Russia",Plesetsk Kosmodrome,Soyuz-2,Success,Medium,,63.0,41.1
2022-010,2022-02-03,United States,United States,"Kennedy / Cape Canaveral, Florida",Kennedy / Cape Canaveral,Falcon 9,Success,Medium,Yes,28.46,-80.54
2022-009,2022-02-02,United States,United States,"Vandenberg Space Force Base, California",Vandenberg Space Force Base,Falcon 9,Success,Medium,,34.75,-120.62
2022-008,2022-01-31,United States,United States,"Kennedy / Cape Canaveral, Florida",Kennedy / Cape Canaveral,Falcon 9,Success,Medium,,28.46,-80.54
2022-007,2022-01-25,China,China,"Jiuquan Space Center, Nei Monggol Zizhiqu, China",Jiuquan Space Center,Long March 4,Success,Medium,,41.31,100.31
2022-006,2022-01-21,United States,United States,"Kennedy / Cape Canaveral, Florida",Kennedy / Cape Canaveral,Atlas V,Success,Medium,,28.46,-80.54
2022-005,2022-01-19,United States,United States,"Kennedy / Cape Canaveral, Florida",Kennedy / Cape Canaveral,Falcon 9,Success,Medium,Yes,28.46,-80.54
2022-004,2022-01-17,China,China,Taiyuan weixing fashe zhongxin,Taiyuan weixing fashe zhongxin,Long March 2,Success,Medium,,37.5,112.6
2022-002,2022-01-13,United States,United States,"Kennedy / Cape Canaveral, Florida",Kennedy / Cape Canaveral,Falcon 9,Success,Medium,,28.46,-80.54
2022-003,2022-01-13,United States,United States,"Mojave Spaceport, California",Mojave Spaceport,LauncherOne,Success,Small,,35.0487,-118.1357
2022-001,2022-01-06,United States,United States,"Kennedy / Cape Canaveral, Florida",Kennedy / Cape Canaveral,Falcon 9,Success,Medium,Yes,28.46,-80.54
2021-F11,2021-12-30,Iran,Other,"Semnan missile launch site, Iran",Semnan missile launch site,Simorgh,Failure,Small,,35.2347,53.921
2021-134,2021-12-29,China,China,"Jiuquan Space Center, Nei Monggol Zizhiqu, China",Jiuquan Space Center,Long March 2,Success,Medium,,41.31,100.31
2021-135,2021-12-29,China,China,"Xichang Space Center (Songlin), Sichuan, China",Xichang Space Center (Songlin),Long March 3,Success,Medium,,28.2472,102.0291
2021-132,2021-12-27,Russia/Soviet Union,Russia/Soviet Union,"Baykonur Kosmodrome, Kazakstan",Baykonur Kosmodrome,Soyuz-2,Success,Medium,,46.0,63.0
2021-133,2021-12-27,Russia/Soviet Union,Russia/Soviet Union,"Plesetsk Kosmodrome, Russia",Plesetsk Kosmodrome,Angara A5/Persei,Failure,Heavy,,63.0,41.1
2021-131,2021-12-26,China,China,Taiyuan weixing fashe zhongxin,Taiyuan weixing fashe zhongxin,Long March 4,Success,Medium,,37.5,112.6
2021-130,2021-12-25,France,NATO Ally,"Centre Spatial Guyanais, Kourou, Guyane Francaise",Centre Spatial Guyanais,Ariane 5,Success,Heavy,,5.2333,-52.7517
2021-129,2021-12-23,China,China,"Wenchang Space Center, Hainan",Wenchang Space Center,Long March 7,Success,Medium,,19.6142,110.9511
2021-128,2021-12-22,Japan,Major Non-NATO Ally,"Tanegashima Space Center, Tanegashima, Nippon",Tanegashima Space Center,H-II,Success,Medium,,30.4,130.97
2021-127,2021-12-21,United States,United States,"Kennedy / Cape Canaveral, Florida",Kennedy / Cape Canaveral,Falcon 9,Success,Medium,,28.46,-80.54
2021-126,2021-12-19,United States,United States,"Kennedy / Cape Canaveral, Florida",Kennedy / Cape Canaveral,Falcon 9,Success,Medium,,28.46,-80.54
2021-125,2021-12-18,United States,United States,"Vandenberg Space Force Base, California",Vandenberg Space Force Base,Falcon 9,Success,Medium,Yes,34.75,-120.62
2021-F10,2021-12-15,China,China,"Jiuquan Space Center, Nei Monggol Zizhiqu, China",Jiuquan Space Center,Kuaizhou-1A,Failure,Small,,41.31,100.31
2021-123,2021-12-13,Russia/Soviet Union,Russia/Soviet Union,"Baykonur Kosmodrome, Kazakstan",Baykonur Kosmodrome,Proton-M,Success,Heavy,,46.0,63.0
2021-124,2021-12-13,China,China,"Xichang Space Center (Songlin), Sichuan, China",Xichang Space Center (Songlin),Long March 3,Success,Medium,,28.2472,102.0291
2021-122,2021-12-10,China,China,"Jiuquan Space Center, Nei Monggol Zizhiqu, China",Jiuquan Space Center,Long March 4,Success,Medium,,41.31,100.31
2021-120,2021-12-09,New Zealand,Major Non-NATO Ally,"Rocket Lab Launch Complex 1, Onenui Station, Mahia Peninsula",Rocket Lab Launch Complex 1,Electron,Success,Small,,-39.2609,177.8655
2021-121,2021-12-09,United States,United States,"Kennedy / Cape Canaveral, Florida",Kennedy / Cape Canaveral,Falcon 9,Success,Medium,,28.46,-80.54
2021-119,2021-12-08,Russia/Soviet Union,Russia/Soviet Union,"Baykonur Kosmodrome, Kazakstan",Baykonur Kosmodrome,Soyuz-2,Success,Medium,,46.0,63.0
2021-117,2021-12-07,China,China,"Jiuquan Space Center, Nei Monggol Zizhiqu, China",Jiuquan Space Center,Gushenxing 1,Success,Small,,41.31,100.31
2021-118,2021-12-07,United States,United States,"Kennedy / Cape Canaveral, Florida",Kennedy / Cape Canaveral,Atlas V,Success,Medium,,28.46,-80.54
2021-116,2021-12-05,France,NATO Ally,"Centre Spatial Guyanais, Kourou, Guyane Francaise",Centre Spatial Guyanais,Soyuz-2,Success,Medium,,5.2333,-52.7517
2021-115,2021-12-02,United States,United States,"Kennedy / Cape Canaveral, Florida",Kennedy / Cape Canaveral,Falcon 9,Success,Medium,Yes,28.46,-80.54
2021-114,2021-11-26,China,China,"Xichang Space Center (Songlin), Sichuan, China",Xichang Space Center (Songlin),Long March 3,Success,Medium,,28.2472,102.0291
2021-113,2021-11-25,Russia/Soviet Union,Russia/Soviet Union,"Plesetsk Kosmodrome, Russia",Plesetsk Kosmodrome,Soyuz-2,Success,Medium,,63.0,41.1
2021-110,2021-11-24,United States,United States,"Vandenberg Space Force Base, California",Vandenberg Space Force Base,Falcon 9,Success,Medium,,34.75,-120.62
2021-111,2021-11-24,Russia/Soviet Union,Russia/Soviet Union,"Baykonur Kosmodrome, Kazakstan",Baykonur Kosmodrome,Soyuz-2,Success,Medium,,46.0,63.0
2021-112,2021-11-24,China,China,"Jiuquan Space Center, Nei Monggol Zizhiqu, China",Jiuquan Space Center,Kuaizhou-1A,Success,Small,,41.31,100.31
2021-109,2021-11-22,China,China,"Jiuquan Space Center, Nei Monggol Zizhiqu, China",Jiuquan Space Center,Long March 4,Success,Medium,,41.31,100.31
2021-107,2021-11-20,China,China,Taiyuan weixing fashe zhongxin,Taiyuan weixing fashe zhongxin,Long March 4,Success,Medium,,37.5,112.6
2021-108,2021-11-20,United States,United States,"Pacific Spaceport Complex Alaska, Kodiak Island, Alaska",Pacific Spaceport Complex Alaska,Astra Rocket 3.3,Success,Small,,57.4359,-152.3378
2021-106,2021-11-18,New Zealand,Major Non-NATO Ally,"Rocket Lab Launch Complex 1, Onenui Station, Mahia Peninsula",Rocket Lab Launch Complex 1,Electron,Success,Small,,-39.2609,177.8655
2021-105,2021-11-16,France,NATO Ally,"Centre Spatial Guyanais, Kourou, Guyane Francaise",Centre Spatial Guyanais,Vega,Success,Small,,5.2333,-52.7517
2021-104,2021-11-13,United States,United States,"Kennedy / Cape Canaveral, Florida",Kennedy / Cape Canaveral,Falcon 9,Success,Medium,Yes,28.46,-80.54
2021-103,2021-11-11,United States,United States,"Kennedy / Cape Canaveral, Florida",Kennedy / Cape Canaveral,Falcon 9,Success,Medium,,28.46,-80.54
2021-102,2021-11-09,Japan,Major Non-NATO Ally,"Uchinoura Space Center, Kagoshima (formerly Kagoshima)",Uchinoura Space Center,Epsilon,Success,Small,,31.25,131.079
2021-101,2021-11-06,China,China,"Xichang Space Center (Songlin), Sichuan, China",Xichang Space Center (Songlin),Long March 2,Success,Medium,,28.2472,102.0291
2021-100,2021-11-05,China,China,Taiyuan weixing fashe zhongxin,Taiyuan weixing fashe zhongxin,Long March 6,Success,Small,,37.5,112.6
2021-099,2021-11-03,China,China,"Jiuquan Space Center, Nei Monggol Zizhiqu, China",Jiuquan Space Center,Long March 2,Success,Medium,,41.31,100.31
2021-098,2021-10-28,Russia/Soviet Union,Russia/Soviet Union,"Baykonur Kosmodrome, Kazakstan",Baykonur Kosmodrome,Soyuz-2,Success,Medium,,46.0,63.0
2021-097,2021-10-27,China,China,"Jiuquan Space Center, Nei Monggol Zizhiqu, China",Jiuquan Space Center,Kuaizhou-1A,Success,Small,,41.31,100.31
2021-096,2021-10-26,Japan,Major Non-NATO Ally,"Tanegashima Space Center, Tanegashima, Nippon",Tanegashima Space Center,H-II,Success,Medium,,30.4,130.97
2021-094,2021-10-24,China,China,"Xichang Space Center (Songlin), Sichuan, China",Xichang Space Center (Songlin),Long March 3,Success,Medium,,28.2472,102.0291
2021-095,2021-10-24,France,NATO Ally,"Centre Spatial Guyanais, Kourou, Guyane Francaise",Centre Spatial Guyanais,Ariane 5,Success,Heavy,,5.2333,-52.7517
2021-F09,2021-10-21,South Korea,Major Non-NATO Ally,"Naro Space Center (Naro Uju Senteo),Oenaro I,GoHeung, Jeollanam-do,Korea",Naro Space Center,Nuri,Failure,Small,,34.4318,127.5363
2021-093,2021-10-16,United States,United States,"Kennedy / Cape Canaveral, Florida",Kennedy / Cape Canaveral,Atlas V,Success,Medium,,28.46,-80.54
2021-092,2021-10-15,China,China,"Jiuquan Space Center, Nei Monggol Zizhiqu, China",Jiuquan Space Center,Long March 2,Success,Medium,,41.31,100.31
2021-090,2021-10-14,Russia/Soviet Union,Russia/Soviet Union,"Vostochniy, Svobodniy, Amurskaya Oblast', Rossiya",Vostochniy,Soyuz-2,Success,Medium,,51.7,128.0
2021-091,2021-10-14,China,China,Taiyuan weixing fashe zhongxin,Taiyuan weixing fashe zhongxin,Long March 2,Success,Medium,,37.5,112.6
2021-089,2021-10-05,Russia/Soviet Union,Russia/Soviet Union,"Baykonur Kosmodrome, Kazakstan",Baykonur Kosmodrome,Soyuz-2,Success,Medium,,46.0,63.0
2021-086,2021-09-27,China,China,"Jiuquan Space Center, Nei Monggol Zizhiqu, China",Jiuquan Space Center,Kuaizhou-1A,Success,Small,,41.31,100.31
2021-087,2021-09-27,China,China,"Xichang Space Center (Songlin), Sichuan, China",Xichang Space Center (Songlin),Long March 3,Success,Medium,,28.2472,102.0291
2021-088,2021-09-27,United States,United States,"Vandenberg Space Force Base, California",Vandenberg Space Force Base,Atlas V,Success,Medium,,34.75,-120.62
2021-085,2021-09-20,China,China,"Wenchang Space Center, Hainan",Wenchang Space Center,Long March 7,Success,Medium,,19.6142,110.9511
2021-084,2021-09-16,United States,United States,"Kennedy / Cape Canaveral, Florida",Kennedy / Cape Canaveral,Falcon 9,Success,Medium,,28.46,-80.54
2021-082,2021-09-14,United States,United States,"Vandenberg Space Force Base, California",Vandenberg Space Force Base,Falcon 9,Success,Medium,Yes,34.75,-120.62
2021-083,2021-09-14,Russia/Soviet Union,Russia/Soviet Union,"Baykonur Kosmodrome, Kazakstan",Baykonur Kosmodrome,Soyuz-2,Success,Medium,,46.0,63.0
2021-080,2021-09-09,China,China,"Xichang Space Center (Songlin), Sichuan, China",Xichang Space Center (Songlin),Long March 3,Success,Medium,,28.2472,102.0291
2021-081,2021-09-09,Russia/Soviet Union,Russia/Soviet Union,"Plesetsk Kosmodrome, Russia",Plesetsk Kosmodrome,Soyuz-2,Success,Medium,,63.0,41.1
2021-079,2021-09-07,China,China,Taiyuan weixing fashe zhongxin,Taiyuan weixing fashe zhongxin,Long March 4,Success,Medium,,37.5,112.6
2021-F08,2021-09-03,United States,United States,"Vandenberg Space Force Base, California",Vandenberg Space Force Base,Firefly Alpha,Failure,Undetermined,,34.75,-120.62
2021-078,2021-08-29,United States,United States,"Kennedy / Cape Canaveral, Florida",Kennedy / Cape Canaveral,Falcon 9,Success,Medium,,28.46,-80.54
2021-F07,2021-08-28,United States,United States,"Pacific Spaceport Complex Alaska, Kodiak Island, Alaska",Pacific Spaceport Complex Alaska,Astra Rocket 3.3,Failure,Small,,57.4359,-152.3378
2021-076,2021-08-24,China,China,"Jiuquan Space Center, Nei Monggol Zizhiqu, China",Jiuquan Space Center,Long March 2,Success,Medium,,41.31,100.31
2021-077,2021-08-24,China,China,"Xichang Space Center (Songlin), Sichuan, China",Xichang Space Center (Songlin),Long March 3,Success,Medium,,28.2472,102.0291
2021-075,2021-08-21,Russia/Soviet Union,Russia/Soviet Union,"Baykonur Kosmodrome, Kazakstan",Baykonur Kosmodrome,Soyuz-2,Success,Medium,,46.0,63.0
2021-074,2021-08-18,China,China,Taiyuan weixing fashe zhongxin,Taiyuan weixing fashe zhongxin,Long March 4,Success,Medium,,37.5,112.6
2021-073,2021-08-17,France,NATO Ally,"Centre Spatial Guyanais, Kourou, Guyane Francaise",Centre Spatial Guyanais,Vega,Success,Small,,5.2333,-52.7517
2021-F06,2021-08-12,India,Other,"Satish Dhawan Space Ctr, Sriharikota, Andhra Pradesh, India",Satish Dhawan Space Ctr,GSLV Mk II,Failure,Medium,,13.621,80.303
2021-072,2021-08-10,United States,United States,"Wallops Island, Virginia",Wallops Island,Antares 230+,Success,Medium,,37.83,-75.48
2021-071,2021-08-05,China,China,"Xichang Space Center (Songlin), Sichuan, China",Xichang Space Center (Songlin),Long March 3,Success,Medium,,28.2472,102.0291
2021-070,2021-08-04,China,China,Taiyuan weixing fashe zhongxin,Taiyuan weixing fashe zhongxin,Long March 6,Success,Small,,37.5,112.6
2021-F05,2021-08-03,China,China,"Jiuquan Space Center, Nei Monggol Zizhiqu, China",Jiuquan Space Center,Shuang Quxian 1,Failure,Small,,41.31,100.31
2021-069,2021-07-30,France,NATO Ally,"Centre Spatial Guyanais, Kourou, Guyane Francaise",Centre Spatial Guyanais,Ariane 5,Success,Heavy,,5.2333,-52.7517
2021-067,2021-07-29,China,China,"Jiuquan Space Center, Nei Monggol Zizhiqu, China",Jiuquan Space Center,Long March 2,Success,Medium,,41.31,100.31
2021-068,2021-07-29,New Zealand,Major Non-NATO Ally,"Rocket Lab Launch Complex 1, Onenui Station, Mahia Peninsula",Rocket Lab Launch Complex 1,Electron,Success,Small,,-39.2609,177.8655
2021-U01,2021-07-27,China,China,Taiyuan weixing fashe zhongxin,Taiyuan weixing fashe zhongxin,Long March 2,Success,Medium,,37.5,112.6
2021-066,2021-07-21,Russia/Soviet Union,Russia/Soviet Union,"Baykonur Kosmodrome, Kazakstan",Baykonur Kosmodrome,Proton-M,Success,Heavy,,46.0,63.0
2021-065,2021-07-19,China,China,"Xichang Space Center (Songlin), Sichuan, China",Xichang Space Center (Songlin),Long March 2,Success,Medium,,28.2472,102.0291
2021-064,2021-07-09,China,China,Taiyuan weixing fashe zhongxin,Taiyuan weixing fashe zhongxin,Long March 6,Success,Small,,37.5,112.6
2021-063,2021-07-06,China,China,"Xichang Space Center (Songlin), Sichuan, China",Xichang Space Center (Songlin),Long March 3,Success,Medium,,28.2472,102.0291
2021-062,2021-07-04,China,China,"Jiuquan Space Center, Nei Monggol Zizhiqu, China",Jiuquan Space Center,Long March 4,Success,Medium,,41.31,100.31
2021-061,2021-07-03,China,China,Taiyuan weixing fashe zhongxin,Taiyuan weixing fashe zhongxin,Long March 2,Success,Medium,,37.5,112.6
2021-060,2021-07-01,Russia/Soviet Union,Russia/Soviet Union,"Vostochniy, Svobodniy, Amurskaya Oblast', Rossiya",Vostochniy,Soyuz-2,Success,Medium,,51.7,128.0
2021-058,2021-06-30,United States,United States,"Mojave Spaceport, California",Mojave Spaceport,LauncherOne,Success,Small,,35.0487,-118.1357
2021-059,2021-06-30,United States,United States,"Kennedy / Cape Canaveral, Florida",Kennedy / Cape Canaveral,Falcon 9,Success,Medium,Yes,28.46,-80.54
2021-057,2021-06-29,Russia/Soviet Union,Russia/Soviet Union,"Baykonur Kosmodrome, Kazakstan",Baykonur Kosmodrome,Soyuz-2,Success,Medium,,46.0,63.0
2021-056,2021-06-25,Russia/Soviet Union,Russia/Soviet Union,"Plesetsk Kosmodrome, Russia",Plesetsk Kosmodrome,Soyuz-2,Success,Medium,,63.0,41.1
2021-055,2021-06-18,China,China,"Xichang Space Center (Songlin), Sichuan, China",Xichang Space Center (Songlin),Long March 2,Success,Medium,,28.2472,102.0291
2021-053,2021-06-17,China,China,"Jiuquan Space Center, Nei Monggol Zizhiqu, China",Jiuquan Space Center,Long March 2,Success,Medium,,41.31,100.31
2021-054,2021-06-17,United States,United States,"Kennedy / Cape Canaveral, Florida",Kennedy / Cape Canaveral,Falcon 9,Success,Medium,,28.46,-80.54
2021-052,2021-06-15,United States,United States,"Wallops Island, Virginia",Wallops Island,Minotaur I,Success,Small,,37.83,-75.48
2021-051,2021-06-13,United States,United States,"Vandenberg Space Force Base, California",Vandenberg Space Force Base,Pegasus XL,Success,Small,,34.75,-120.62
2021-F03,2021-06-12,Iran,Other,"Semnan missile launch site, Iran",Semnan missile launch site,Simorgh,Failure,Small,,35.2347,53.921
2021-050,2021-06-11,China,China,Taiyuan weixing fashe zhongxin,Taiyuan weixing fashe zhongxin,Long March 2,Success,Medium,,37.5,112.6
2021-049,2021-06-06,United States,United States,"Kennedy / Cape Canaveral, Florida",Kennedy / Cape Canaveral,Falcon 9,Success,Medium,,28.46,-80.54
2021-048,2021-06-03,United States,United States,"Kennedy / Cape Canaveral, Florida",Kennedy / Cape Canaveral,Falcon 9,Success,Medium,,28.46,-80.54
2021-047,2021-06-02,China,China,"Xichang Space Center (Songlin), Sichuan, China",Xichang Space Center (Songlin),Long March 3,Success,Medium,,28.2472,102.0291
2021-046,2021-05-29,China,China,"Wenchang Space Center, Hainan",Wenchang Space Center,Long March 7,Success,Medium,,19.6142,110.9511
2021-045,2021-05-28,Russia/Soviet Union,Russia/Soviet Union,"Vostochniy, Svobodniy, Amurskaya Oblast', Rossiya",Vostochniy,Soyuz-2,Success,Medium,,51.7,128.0
2021-044,2021-05-26,United States,United States,"Kennedy / Cape Canaveral, Florida",Kennedy / Cape Canaveral,Falcon 9,Success,Medium,Yes,28.46,-80.54
2021-043,2021-05-19,China,China,"Jiuquan Space Center, Nei Monggol Zizhiqu, China",Jiuquan Space Center,Long March 4,Success,Medium,,41.31,100.31
2021-042,2021-05-18,United States,United States,"Kennedy / Cape Canaveral, Florida",Kennedy / Cape Canaveral,Atlas V,Success,Medium,,28.46,-80.54
2021-041,2021-05-15,United States,United States,"Kennedy / Cape Canaveral, Florida",Kennedy / Cape Canaveral,Falcon 9,Success,Medium,Yes,28.46,-80.54
2021-F02,2021-05-15,New Zealand,Major Non-NATO Ally,"Rocket Lab Launch Complex 1, Onenui Station, Mahia Peninsula",Rocket Lab Launch Complex 1,Electron,Failure,Small,,-39.2609,177.8655
2021-040,2021-05-09,United States,United States,"Kennedy / Cape Canaveral, Florida",Kennedy / Cape Canaveral,Falcon 9,Success,Medium,Yes,28.46,-80.54
2021-039,2021-05-06,China,China,"Xichang Space Center (Songlin), Sichuan, China",Xichang Space Center (Songlin),Long March 2,Success,Medium,,28.2472,102.0291
2021-038,2021-05-04,United States,United States,"Kennedy / Cape Canaveral, Florida",Kennedy / Cape Canaveral,Falcon 9,Success,Medium,Yes,28.46,-80.54
2021-037,2021-04-30,China,China,"Jiuquan Space Center, Nei Monggol Zizhiqu, China",Jiuquan Space Center,Long March 4,Success,Medium,,41.31,100.31
2021-034,2021-04-29,France,NATO Ally,"Centre Spatial Guyanais, Kourou, Guyane Francaise",Centre Spatial Guyanais,Vega,Success,Small,,5.2333,-52.7517
2021-035,2021-04-29,China,China,"Wenchang Space Center, Hainan",Wenchang Space Center,Long March 5,Success,Heavy,,19.6142,110.9511
2021-036,2021-04-29,United States,United States,"Kennedy / Cape Canaveral, Florida",Kennedy / Cape Canaveral,Falcon 9,Success,Medium,Yes,28.46,-80.54
2021-033,2021-04-27,China,China,Taiyuan weixing fashe zhongxin,Taiyuan weixing fashe zhongxin,Long March 6,Success,Small,,37.5,112.6
2021-032,2021-04-26,United States,United States,"Vandenberg Space Force Base, California",Vandenberg Space Force Base,Delta IV,Success,Heavy,,34.75,-120.62
2021-031,2021-04-25,Russia/Soviet Union,Russia/Soviet Union,"Vostochniy, Svobodniy, Amurskaya Oblast', Rossiya",Vostochniy,Soyuz-2,Success,Medium,,51.7,128.0
2021-030,2021-04-23,United States,United States,"Kennedy / Cape Canaveral, Florida",Kennedy / Cape Canaveral,Falcon 9,Success,Medium,,28.46,-80.54
2021-029,2021-04-09,Russia/Soviet Union,Russia/Soviet Union,"Baykonur Kosmodrome, Kazakstan",Baykonur Kosmodrome,Soyuz-2,Success,Medium,,46.0,63.0
2021-028,2021-04-08,China,China,Taiyuan weixing fashe zhongxin,Taiyuan weixing fashe zhongxin,Long March 4,Success,Medium,,37.5,112.6
2021-027,2021-04-07,United States,United States,"Kennedy / Cape Canaveral, Florida",Kennedy / Cape Canaveral,Falcon 9,Success,Medium,Yes,28.46,-80.54
2021-026,2021-03-30,China,China,"Jiuquan Space Center, Nei Monggol Zizhiqu, China",Jiuquan Space Center,Long March 4,Success,Medium,,41.31,100.31
2021-025,2021-03-25,Russia/Soviet Union,Russia/Soviet Union,"Vostochniy, Svobodniy, Amurskaya Oblast', Rossiya",Vostochniy,Soyuz-2,Success,Medium,,51.7,128.0
2021-024,2021-03-24,United States,United States,"Kennedy / Cape Canaveral, Florida",Kennedy / Cape Canaveral,Falcon 9,Success,Medium,Yes,28.46,-80.54
2021-022,2021-03-22,Russia/Soviet Union,Russia/Soviet Union,"Baykonur Kosmodrome, Kazakstan",Baykonur Kosmodrome,Soyuz-2,Success,Medium,,46.0,63.0
2021-023,2021-03-22,New Zealand,Major Non-NATO Ally,"Rocket Lab Launch Complex 1, Onenui Station, Mahia Peninsula",Rocket Lab Launch Complex 1,Electron,Success,Small,,-39.2609,177.8655
2021-021,2021-03-14,United States,United States,"Kennedy / Cape Canaveral, Florida",Kennedy / Cape Canaveral,Falcon 9,Success,Medium,Yes,28.46,-80.54
2021-020,2021-03-13,China,China,"Jiuquan Space Center, Nei Monggol Zizhiqu, China",Jiuquan Space Center,Long March 4,Success,Medium,,41.31,100.31
2021-018,2021-03-11,United States,United States,"Kennedy / Cape Canaveral, Florida",Kennedy / Cape Canaveral,Falcon 9,Success,Medium,Yes,28.46,-80.54
2021-019,2021-03-11,China,China,"Wenchang Space Center, Hainan",Wenchang Space Center,Long March 7,Success,Medium,,19.6142,110.9511
2021-017,2021-03-04,United States,United States,"Kennedy / Cape Canaveral, Florida",Kennedy / Cape Canaveral,Falcon 9,Success,Medium,Yes,28.46,-80.54
2021-015,2021-02-28,India,Other,"Satish Dhawan Space Ctr, Sriharikota, Andhra Pradesh, India",Satish Dhawan Space Ctr,PSLV,Success,Medium,,13.621,80.303
2021-016,2021-02-28,Russia/Soviet Union,Russia/Soviet Union,"Baykonur Kosmodrome, Kazakstan",Baykonur Kosmodrome,Soyuz-2,Success,Medium,,46.0,63.0
2021-014,2021-02-24,China,China,"Jiuquan Space Center, Nei Monggol Zizhiqu, China",Jiuquan Space Center,Long March 4,Success,Medium,,41.31,100.31
2021-013,2021-02-20,United States,United States,"Wallops Island, Virginia",Wallops Island,Antares 230+,Success,Medium,,37.83,-75.48
2021-012,2021-02-16,United States,United States,"Kennedy / Cape Canaveral, Florida",Kennedy / Cape Canaveral,Falcon 9,Success,Medium,Yes,28.46,-80.54
2021-011,2021-02-15,Russia/Soviet Union,Russia/Soviet Union,"Baykonur Kosmodrome, Kazakstan",Baykonur Kosmodrome,Soyuz-2,Success,Medium,,46.0,63.0
2021-009,2021-02-04,United States,United States,"Kennedy / Cape Canaveral, Florida",Kennedy / Cape Canaveral,Falcon 9,Success,Medium,Yes,28.46,-80.54
2021-010,2021-02-04,China,China,"Xichang Space Center (Songlin), Sichuan, China",Xichang Space Center (Songlin),Long March 3,Success,Medium,,28.2472,102.0291
2021-008,2021-02-02,Russia/Soviet Union,Russia/Soviet Union,"Plesetsk Kosmodrome, Russia",Plesetsk Kosmodrome,Soyuz-2,Success,Medium,,63.0,41.1
2021-F01,2021-02-01,China,China,"Jiuquan Space Center, Nei Monggol Zizhiqu, China",Jiuquan Space Center,Shuang Quxian 1,Failure,Small,,41.31,100.31
2021-007,2021-01-29,China,China,"Jiuquan Space Center, Nei Monggol Zizhiqu, China",Jiuquan Space Center,Long March 4,Success,Medium,,41.31,100.31
2021-006,2021-01-24,United States,United States,"Kennedy / Cape Canaveral, Florida",Kennedy / Cape Canaveral,Falcon 9,Success,Medium,Yes,28.46,-80.54
2021-004,2021-01-20,New Zealand,Major Non-NATO Ally,"Rocket Lab Launch Complex 1, Onenui Station, Mahia Peninsula",Rocket Lab Launch Complex 1,Electron,Success,Small,,-39.2609,177.8655
2021-005,2021-01-20,United States,United States,"Kennedy / Cape Canaveral, Florida",Kennedy / Cape Canaveral,Falcon 9,Success,Medium,Yes,28.46,-80.54
2021-003,2021-01-19,China,China,"Xichang Space Center (Songlin), Sichuan, China",Xichang Space Center (Songlin),Long March 3,Success,Medium,,28.2472,102.0291
2021-002,2021-01-17,United States,United States,"Mojave Spaceport, California",Mojave Spaceport,LauncherOne,Success,Small,,35.0487,-118.1357
2021-001,2021-01-08,United States,United States,"Kennedy / Cape Canaveral, Florida",Kennedy / Cape Canaveral,Falcon 9,Success,Medium,,28.46,-80.54
2020-104,2020-12-29,France,NATO Ally,"Centre Spatial Guyanais, Kourou, Guyane Francaise",Centre Spatial Guyanais,Soyuz-2,Success,Medium,,5.2333,-52.7517
2020-103,2020-12-27,China,China,"Jiuquan Space Center, Nei Monggol Zizhiqu, China",Jiuquan Space Center,Long March 4,Success,Medium,,41.31,100.31
2020-102,2020-12-22,China,China,"Wenchang Space Center, Hainan",Wenchang Space Center,Long March 8,Success,Medium,,19.6142,110.9511
2020-101,2020-12-19,United States,United States,"Kennedy / Cape Canaveral, Florida",Kennedy / Cape Canaveral,Falcon 9,Success,Medium,,28.46,-80.54
2020-100,2020-12-18,Russia/Soviet Union,Russia/Soviet Union,"Vostochniy, Svobodniy, Amurskaya Oblast', Rossiya",Vostochniy,Soyuz-2,Success,Medium,,51.7,128.0
2020-099,2020-12-17,India,Other,"Satish Dhawan Space Ctr, Sriharikota, Andhra Pradesh, India",Satish Dhawan Space Ctr,PSLV,Success,Medium,,13.621,80.303
2020-098,2020-12-15,New Zealand,Major Non-NATO Ally,"Rocket Lab Launch Complex 1, Onenui Station, Mahia Peninsula",Rocket Lab Launch Complex 1,Electron,Success,Small,,-39.2609,177.8655
2020-F09,2020-12-15,United States,United States,"Pacific Spaceport Complex Alaska, Kodiak Island, Alaska",Pacific Spaceport Complex Alaska,Astra Rocket 3.2,Failure,Undetermined,,57.4359,-152.3378
2020-097,2020-12-14,Russia/Soviet Union,Russia/Soviet Union,"Plesetsk Kosmodrome, Russia",Plesetsk Kosmodrome,Angara A5,Success,Heavy,,63.0,41.1
2020-096,2020-12-13,United States,United States,"Kennedy / Cape Canaveral, Florida",Kennedy / Cape Canaveral,Falcon 9,Success,Medium,,28.46,-80.54
2020-095,2020-12-11,United States,United States,"Kennedy / Cape Canaveral, Florida",Kennedy / Cape Canaveral,Delta IV,Success,Heavy,,28.46,-80.54
2020-094,2020-12-09,China,China,"Xichang Space Center (Songlin), Sichuan, China",Xichang Space Center (Songlin),Long March 11,Success,Small,,28.2472,102.0291
2020-092,2020-12-06,China,China,"Xichang Space Center (Songlin), Sichuan, China",Xichang Space Center (Songlin),Long March 3,Success,Medium,,28.2472,102.0291
2020-093,2020-12-06,United States,United States,"Kennedy / Cape Canaveral, Florida",Kennedy / Cape Canaveral,Falcon 9,Success,Medium,,28.46,-80.54
2020-091,2020-12-03,Russia/Soviet Union,Russia/Soviet Union,"Plesetsk Kosmodrome, Russia",Plesetsk Kosmodrome,Soyuz-2,Success,Medium,,63.0,41.1
2020-090,2020-12-02,France,NATO Ally,"Centre Spatial Guyanais, Kourou, Guyane Francaise",Centre Spatial Guyanais,Soyuz-2,Success,Medium,,5.2333,-52.7517
2020-089,2020-11-29,Japan,Major Non-NATO Ally,"Tanegashima Space Center, Tanegashima, Nippon",Tanegashima Space Center,H-II,Success,Medium,,30.4,130.97
2020-088,2020-11-25,United States,United States,"Kennedy / Cape Canaveral, Florida",Kennedy / Cape Canaveral,Falcon 9,Success,Medium,Yes,28.46,-80.54
2020-087,2020-11-23,China,China,"Wenchang Space Center, Hainan",Wenchang Space Center,Long March 5,Success,Medium,,19.6142,110.9511
2020-086,2020-11-21,United States,United States,"Vandenberg Space Force Base, California",Vandenberg Space Force Base,Falcon 9,Success,Medium,,34.75,-120.62
2020-085,2020-11-20,New Zealand,Major Non-NATO Ally,"Rocket Lab Launch Complex 1, Onenui Station, Mahia Peninsula",Rocket Lab Launch Complex 1,Electron,Success,Small,,-39.2609,177.8655
2020-U01,2020-11-17,France,NATO Ally,"Centre Spatial Guyanais, Kourou, Guyane Francaise",Centre Spatial Guyanais,Vega,Failure,Small,,5.2333,-52.7517
2020-084,2020-11-16,United States,United States,"Kennedy / Cape Canaveral, Florida",Kennedy / Cape Canaveral,Falcon 9,Success,Medium,,28.46,-80.54
2020-083,2020-11-13,United States,United States,"Kennedy / Cape Canaveral, Florida",Kennedy / Cape Canaveral,Atlas V,Success,Medium,,28.46,-80.54
2020-082,2020-11-12,China,China,"Xichang Space Center (Songlin), Sichuan, China",Xichang Space Center (Songlin),Long March 3,Success,Medium,,28.2472,102.0291
2020-080,2020-11-07,China,China,"Jiuquan Space Center, Nei Monggol Zizhiqu, China",Jiuquan Space Center,Gushenxing 1,Success,Small,,41.31,100.31
2020-081,2020-11-07,India,Other,"Satish Dhawan Space Ctr, Sriharikota, Andhra Pradesh, India",Satish Dhawan Space Ctr,PSLV,Success,Medium,,13.621,80.303
2020-079,2020-11-06,China,China,Taiyuan weixing fashe zhongxin,Taiyuan weixing fashe zhongxin,Long March 6,Success,Small,,37.5,112.6
2020-078,2020-11-05,United States,United States,"Kennedy / Cape Canaveral, Florida",Kennedy / Cape Canaveral,Falcon 9,Success,Medium,,28.46,-80.54
2020-077,2020-10-28,New Zealand,Major Non-NATO Ally,"Rocket Lab Launch Complex 1, Onenui Station, Mahia Peninsula",Rocket Lab Launch Complex 1,Electron,Success,Small,,-39.2609,177.8655
2020-076,2020-10-26,China,China,"Xichang Space Center (Songlin), Sichuan, China",Xichang Space Center (Songlin),Long March 2,Success,Medium,,28.2472,102.0291
2020-075,2020-10-25,Russia/Soviet Union,Russia/Soviet Union,"Plesetsk Kosmodrome, Russia",Plesetsk Kosmodrome,Soyuz-2,Success,Medium,,63.0,41.1
2020-074,2020-10-24,United States,United States,"Kennedy / Cape Canaveral, Florida",Kennedy / Cape Canaveral,Falcon 9,Success,Medium,Yes,28.46,-80.54
2020-073,2020-10-18,United States,United States,"Kennedy / Cape Canaveral, Florida",Kennedy / Cape Canaveral,Falcon 9,Success,Medium,Yes,28.46,-80.54
2020-072,2020-10-14,Russia/Soviet Union,Russia/Soviet Union,"Baykonur Kosmodrome, Kazakstan",Baykonur Kosmodrome,Soyuz-2,Success,Medium,,46.0,63.0
2020-071,2020-10-11,China,China,"Xichang Space Center (Songlin), Sichuan, China",Xichang Space Center (Songlin),Long March 3,Success,Medium,,28.2472,102.0291
2020-070,2020-10-06,United States,United States,"Kennedy / Cape Canaveral, Florida",Kennedy / Cape Canaveral,Falcon 9,Success,Medium,Yes,28.46,-80.54
2020-069,2020-10-03,United States,United States,"Wallops Island, Virginia",Wallops Island,Antares 230+,Success,Medium,,37.83,-75.48
2020-068,2020-09-28,Russia/Soviet Union,Russia/Soviet Union,"Plesetsk Kosmodrome, Russia",Plesetsk Kosmodrome,Soyuz-2,Success,Medium,,63.0,41.1
2020-067,2020-09-27,China,China,Taiyuan weixing fashe zhongxin,Taiyuan weixing fashe zhongxin,Long March 4,Success,Medium,,37.5,112.6
2020-066,2020-09-21,China,China,"Jiuquan Space Center, Nei Monggol Zizhiqu, China",Jiuquan Space Center,Long March 4,Success,Medium,,41.31,100.31
2020-065,2020-09-15,China,China,Huang Hai CZ-11 launch zone,Huang Hai CZ-11 launch zone,Long March 11,Success,Small,,34.9,121.19
2020-F07,2020-09-12,United States,United States,"Pacific Spaceport Complex Alaska, Kodiak Island, Alaska",Pacific Spaceport Complex Alaska,Astra Rocket 3.1,Failure,Undetermined,,57.4359,-152.3378
2020-F08,2020-09-12,China,China,"Jiuquan Space Center, Nei Monggol Zizhiqu, China",Jiuquan Space Center,Kuaizhou-1A,Failure,Small,,41.31,100.31
2020-064,2020-09-07,China,China,Taiyuan weixing fashe zhongxin,Taiyuan weixing fashe zhongxin,Long March 4,Success,Medium,,37.5,112.6
2020-063,2020-09-04,China,China,"Jiuquan Space Center, Nei Monggol Zizhiqu, China",Jiuquan Space Center,Long March 2,Success,Medium,,41.31,100.31
2020-061,2020-09-03,France,NATO Ally,"Centre Spatial Guyanais, Kourou, Guyane Francaise",Centre Spatial Guyanais,Vega,Success,Small,,5.2333,-52.7517
2020-062,2020-09-03,United States,United States,"Kennedy / Cape Canaveral, Florida",Kennedy / Cape Canaveral,Falcon 9,Success,Medium,Yes,28.46,-80.54
2020-060,2020-08-31,New Zealand,Major Non-NATO Ally,"Rocket Lab Launch Complex 1, Onenui Station, Mahia Peninsula",Rocket Lab Launch Complex 1,Electron,Success,Small,,-39.2609,177.8655
2020-059,2020-08-30,United States,United States,"Kennedy / Cape Canaveral, Florida",Kennedy / Cape Canaveral,Falcon 9,Success,Medium,,28.46,-80.54
2020-058,2020-08-23,China,China,"Jiuquan Space Center, Nei Monggol Zizhiqu, China",Jiuquan Space Center,Long March 2,Success,Medium,,41.31,100.31
2020-057,2020-08-18,United States,United States,"Kennedy / Cape Canaveral, Florida",Kennedy / Cape Canaveral,Falcon 9,Success,Medium,Yes,28.46,-80.54
2020-056,2020-08-15,France,NATO Ally,"Centre Spatial Guyanais, Kourou, Guyane Francaise",Centre Spatial Guyanais,Ariane 5,Success,Heavy,,5.2333,-52.7517
2020-055,2020-08-07,United States,United States,"Kennedy / Cape Canaveral, Florida",Kennedy / Cape Canaveral,Falcon 9,Success,Medium,Yes,28.46,-80.54
2020-054,2020-08-06,China,China,"Jiuquan Space Center, Nei Monggol Zizhiqu, China",Jiuquan Space Center,Long March 2,Success,Medium,,41.31,100.31
2020-052,2020-07-30,United States,United States,"Kennedy / Cape Canaveral, Florida",Kennedy / Cape Canaveral,Atlas V,Success,Medium,,28.46,-80.54
2020-053,2020-07-30,Russia/Soviet Union,Russia/Soviet Union,"Baykonur Kosmodrome, Kazakstan",Baykonur Kosmodrome,Proton-M,Success,Heavy,,46.0,63.0
2020-051,2020-07-25,China,China,Taiyuan weixing fashe zhongxin,Taiyuan weixing fashe zhongxin,Long March 4,Success,Medium,,37.5,112.6
2020-049,2020-07-23,China,China,"Wenchang Space Center, Hainan",Wenchang Space Center,Long March 5,Success,Medium,,19.6142,110.9511
2020-050,2020-07-23,Russia/Soviet Union,Russia/Soviet Union,"Baykonur Kosmodrome, Kazakstan",Baykonur Kosmodrome,Soyuz-2,Success,Medium,,46.0,63.0
2020-048,2020-07-20,United States,United States,"Kennedy / Cape Canaveral, Florida",Kennedy / Cape Canaveral,Falcon 9,Success,Medium,,28.46,-80.54
2020-047,2020-07-19,Japan,Major Non-NATO Ally,"Tanegashima Space Center, Tanegashima, Nippon",Tanegashima Space Center,H-II,Success,Medium,,30.4,130.97
2020-046,2020-07-15,United States,United States,"Wallops Island, Virginia",Wallops Island,Minotaur IV,Success,Small,,37.83,-75.48
2020-F06,2020-07-10,China,China,"Jiuquan Space Center, Nei Monggol Zizhiqu, China",Jiuquan Space Center,Kuaizhou-11,Failure,Small,,41.31,100.31
2020-045,2020-07-09,China,China,"Xichang Space Center (Songlin), Sichuan, China",Xichang Space Center (Songlin),Long March 3,Success,Medium,,28.2472,102.0291
2020-044,2020-07-06,Israel,Major Non-NATO Ally,"Israeli Air Force Test Range, Palmachim Beach, Israel",Israeli Air Force Test Range,Shavit 2,Success,Small,,31.9,34.7
2020-043,2020-07-04,China,China,"Jiuquan Space Center, Nei Monggol Zizhiqu, China",Jiuquan Space Center,Long March 2,Success,Medium,,41.31,100.31
2020-F05,2020-07-04,New Zealand,Major Non-NATO Ally,"Rocket Lab Launch Complex 1, Onenui Station, Mahia Peninsula",Rocket Lab Launch Complex 1,Electron,Failure,Small,,-39.2609,177.8655
2020-042,2020-07-03,China,China,Taiyuan weixing fashe zhongxin,Taiyuan weixing fashe zhongxin,Long March 4,Success,Medium,,37.5,112.6
2020-041,2020-06-30,United States,United States,"Kennedy / Cape Canaveral, Florida",Kennedy / Cape Canaveral,Falcon 9,Success,Medium,,28.46,-80.54
2020-040,2020-06-23,China,China,"Xichang Space Center (Songlin), Sichuan, China",Xichang Space Center (Songlin),Long March 3,Success,Medium,,28.2472,102.0291
2020-039,2020-06-17,China,China,"Jiuquan Space Center, Nei Monggol Zizhiqu, China",Jiuquan Space Center,Long March 2,Success,Medium,,41.31,100.31
2020-037,2020-06-13,New Zealand,Major Non-NATO Ally,"Rocket Lab Launch Complex 1, Onenui Station, Mahia Peninsula",Rocket Lab Launch Complex 1,Electron,Success,Small,,-39.2609,177.8655
2020-038,2020-06-13,United States,United States,"Kennedy / Cape Canaveral, Florida",Kennedy / Cape Canaveral,Falcon 9,Success,Medium,Yes,28.46,-80.54
2020-036,2020-06-10,China,China,Taiyuan weixing fashe zhongxin,Taiyuan weixing fashe zhongxin,Long March 2,Success,Medium,,37.5,112.6
2020-035,2020-06-04,United States,United States,"Kennedy / Cape Canaveral, Florida",Kennedy / Cape Canaveral,Falcon 9,Success,Medium,Yes,28.46,-80.54
2020-034,2020-05-31,China,China,"Jiuquan Space Center, Nei Monggol Zizhiqu, China",Jiuquan Space Center,Long March 2,Success,Medium,,41.31,100.31
2020-033,2020-05-30,United States,United States,"Kennedy / Cape Canaveral, Florida",Kennedy / Cape Canaveral,Falcon 9,Success,Medium,,28.46,-80.54
2020-032,2020-05-29,China,China,"Xichang Space Center (Songlin), Sichuan, China",Xichang Space Center (Songlin),Long March 11,Success,Small,,28.2472,102.0291
2020-F04,2020-05-25,United States,United States,"Mojave Spaceport, California",Mojave Spaceport,LauncherOne,Failure,Small,,35.0487,-118.1357
2020-031,2020-05-22,Russia/Soviet Union,Russia/Soviet Union,"Plesetsk Kosmodrome, Russia",Plesetsk Kosmodrome,Soyuz-2,Success,Medium,,63.0,41.1
2020-030,2020-05-20,Japan,Major Non-NATO Ally,"Tanegashima Space Center, Tanegashima, Nippon",Tanegashima Space Center,H-II,Success,Medium,,30.4,130.97
2020-029,2020-05-17,United States,United States,"Kennedy / Cape Canaveral, Florida",Kennedy / Cape Canaveral,Atlas V,Success,Medium,,28.46,-80.54
2020-028,2020-05-12,China,China,"Jiuquan Space Center, Nei Monggol Zizhiqu, China",Jiuquan Space Center,Kuaizhou-1A,Success,Small,,41.31,100.31
2020-027,2020-05-05,China,China,"Wenchang Space Center, Hainan",Wenchang Space Center,Long March 5,Success,Heavy,,19.6142,110.9511
2020-026,2020-04-25,Russia/Soviet Union,Russia/Soviet Union,"Baykonur Kosmodrome, Kazakstan",Baykonur Kosmodrome,Soyuz-2,Success,Medium,,46.0,63.0
2020-024,2020-04-22,Iran,Other,"Imam Reza Space Ctr, Damghan (Shahroud), Iran (Dasht-E-Kabir?)",Imam Reza Space Ctr,Qased,Success,Small,,36.23,55.33
2020-025,2020-04-22,United States,United States,"Kennedy / Cape Canaveral, Florida",Kennedy / Cape Canaveral,Falcon 9,Success,Medium,Yes,28.46,-80.54
2020-023,2020-04-09,Russia/Soviet Union,Russia/Soviet Union,"Baykonur Kosmodrome, Kazakstan",Baykonur Kosmodrome,Soyuz-2,Success,Medium,,46.0,63.0
2020-F03,2020-04-09,China,China,"Xichang Space Center (Songlin), Sichuan, China",Xichang Space Center (Songlin),Long March 3,Failure,Medium,,28.2472,102.0291
2020-022,2020-03-26,United States,United States,"Kennedy / Cape Canaveral, Florida",Kennedy / Cape Canaveral,Atlas V,Success,Medium,,28.46,-80.54
2020-021,2020-03-24,China,China,"Xichang Space Center (Songlin), Sichuan, China",Xichang Space Center (Songlin),Long March 2,Success,Medium,,28.2472,102.0291
2020-020,2020-03-21,Russia/Soviet Union,Russia/Soviet Union,"Baykonur Kosmodrome, Kazakstan",Baykonur Kosmodrome,Soyuz-2,Success,Medium,,46.0,63.0
2020-019,2020-03-18,United States,United States,"Kennedy / Cape Canaveral, Florida",Kennedy / Cape Canaveral,Falcon 9,Success,Medium,Yes,28.46,-80.54
2020-018,2020-03-16,Russia/Soviet Union,Russia/Soviet Union,"Plesetsk Kosmodrome, Russia",Plesetsk Kosmodrome,Soyuz-2,Success,Medium,,63.0,41.1
2020-F02,2020-03-16,China,China,"Wenchang Space Center, Hainan",Wenchang Space Center,Long March 7,Failure,Medium,,19.6142,110.9511
2020-017,2020-03-09,China,China,"Xichang Space Center (Songlin), Sichuan, China",Xichang Space Center (Songlin),Long March 3,Success,Medium,,28.2472,102.0291
2020-016,2020-03-07,United States,United States,"Kennedy / Cape Canaveral, Florida",Kennedy / Cape Canaveral,Falcon 9,Success,Medium,,28.46,-80.54
2020-015,2020-02-20,Russia/Soviet Union,Russia/Soviet Union,"Plesetsk Kosmodrome, Russia",Plesetsk Kosmodrome,Soyuz-2,Success,Medium,,63.0,41.1
2020-014,2020-02-19,China,China,"Xichang Space Center (Songlin), Sichuan, China",Xichang Space Center (Songlin),Long March 2,Success,Medium,,28.2472,102.0291
2020-013,2020-02-18,France,NATO Ally,"Centre Spatial Guyanais, Kourou, Guyane Francaise",Centre Spatial Guyanais,Ariane 5,Success,Heavy,,5.2333,-52.7517
2020-012,2020-02-17,United States,United States,"Kennedy / Cape Canaveral, Florida",Kennedy / Cape Canaveral,Falcon 9,Success,Medium,Yes,28.46,-80.54
2020-011,2020-02-15,United States,United States,"Wallops Island, Virginia",Wallops Island,Antares 230+,Success,Medium,,37.83,-75.48
2020-010,2020-02-10,United States,United States,"Kennedy / Cape Canaveral, Florida",Kennedy / Cape Canaveral,Atlas V,Success,Medium,,28.46,-80.54
2020-009,2020-02-09,Japan,Major Non-NATO Ally,"Tanegashima Space Center, Tanegashima, Nippon",Tanegashima Space Center,H-II,Success,Medium,,30.4,130.97
2020-F01,2020-02-09,Iran,Other,"Semnan missile launch site, Iran",Semnan missile launch site,Simorgh,Failure,Small,,35.2347,53.921
2020-008,2020-02-06,Russia/Soviet Union,Russia/Soviet Union,"Baykonur Kosmodrome, Kazakstan",Baykonur Kosmodrome,Soyuz-2,Success,Medium,,46.0,63.0
2020-007,2020-01-31,New Zealand,Major Non-NATO Ally,"Rocket Lab Launch Complex 1, Onenui Station, Mahia Peninsula",Rocket Lab Launch Complex 1,Electron,Success,Small,,-39.2609,177.8655
2020-006,2020-01-29,United States,United States,"Kennedy / Cape Canaveral, Florida",Kennedy / Cape Canaveral,Falcon 9,Success,Medium,Yes,28.46,-80.54
2020-004,2020-01-16,China,China,"Jiuquan Space Center, Nei Monggol Zizhiqu, China",Jiuquan Space Center,Kuaizhou-1A,Success,Small,,41.31,100.31
2020-005,2020-01-16,France,NATO Ally,"Centre Spatial Guyanais, Kourou, Guyane Francaise",Centre Spatial Guyanais,Ariane 5,Success,Heavy,,5.2333,-52.7517
2020-003,2020-01-15,China,China,Taiyuan weixing fashe zhongxin,Taiyuan weixing fashe zhongxin,Long March 2,Success,Medium,,37.5,112.6
2020-001,2020-01-07,United States,United States,"Kennedy / Cape Canaveral, Florida",Kennedy / Cape Canaveral,Falcon 9,Success,Medium,Yes,28.46,-80.54
2020-002,2020-01-07,China,China,"Xichang Space Center (Songlin), Sichuan, China",Xichang Space Center (Songlin),Long March 3,Success,Medium,,28.2472,102.0291
2019-097,2019-12-27,China,China,"Wenchang Space Center, Hainan",Wenchang Space Center,Long March 5,Success,Medium,,19.6142,110.9511
2019-096,2019-12-26,Russia/Soviet Union,Russia/Soviet Union,"Plesetsk Kosmodrome, Russia",Plesetsk Kosmodrome,Rokot,Success,Small,,63.0,41.1
2019-095,2019-12-24,Russia/Soviet Union,Russia/Soviet Union,"Baykonur Kosmodrome, Kazakstan",Baykonur Kosmodrome,Proton-M,Success,Heavy,,46.0,63.0
2019-093,2019-12-20,China,China,Taiyuan weixing fashe zhongxin,Taiyuan weixing fashe zhongxin,Long March 4,Success,Medium,,37.5,112.6
2019-094,2019-12-20,United States,United States,"Kennedy / Cape Canaveral, Florida",Kennedy / Cape Canaveral,Atlas V,Success,Medium,,28.46,-80.54
2019-092,2019-12-18,France,NATO Ally,"Centre Spatial Guyanais, Kourou, Guyane Francaise",Centre Spatial Guyanais,Soyuz-2,Success,Medium,,5.2333,-52.7517
2019-091,2019-12-17,United States,United States,"Kennedy / Cape Canaveral, Florida",Kennedy / Cape Canaveral,Falcon 9,Success,Medium,,28.46,-80.54
2019-090,2019-12-16,China,China,"Xichang Space Center (Songlin), Sichuan, China",Xichang Space Center (Songlin),Long March 3,Success,Medium,,28.2472,102.0291
2019-088,2019-12-11,Russia/Soviet Union,Russia/Soviet Union,"Plesetsk Kosmodrome, Russia",Plesetsk Kosmodrome,Soyuz-2,Success,Medium,,63.0,41.1
2019-089,2019-12-11,India,Other,"Satish Dhawan Space Ctr, Sriharikota, Andhra Pradesh, India",Satish Dhawan Space Ctr,PSLV,Success,Medium,,13.621,80.303
2019-086,2019-12-07,China,China,Taiyuan weixing fashe zhongxin,Taiyuan weixing fashe zhongxin,Kuaizhou-1A,Success,Small,,37.5,112.6
2019-087,2019-12-07,China,China,Taiyuan weixing fashe zhongxin,Taiyuan weixing fashe zhongxin,Kuaizhou-1A,Success,Small,,37.5,112.6
2019-084,2019-12-06,New Zealand,Major Non-NATO Ally,"Rocket Lab Launch Complex 1, Onenui Station, Mahia Peninsula",Rocket Lab Launch Complex 1,Electron,Success,Small,,-39.2609,177.8655
2019-085,2019-12-06,Russia/Soviet Union,Russia/Soviet Union,"Baykonur Kosmodrome, Kazakstan",Baykonur Kosmodrome,Soyuz-2,Success,Medium,,46.0,63.0
2019-083,2019-12-05,United States,United States,"Kennedy / Cape Canaveral, Florida",Kennedy / Cape Canaveral,Falcon 9,Success,Medium,,28.46,-80.54
2019-081,2019-11-27,India,Other,"Satish Dhawan Space Ctr, Sriharikota, Andhra Pradesh, India",Satish Dhawan Space Ctr,PSLV,Success,Medium,,13.621,80.303
2019-082,2019-11-27,China,China,Taiyuan weixing fashe zhongxin,Taiyuan weixing fashe zhongxin,Long March 4,Success,Medium,,37.5,112.6
2019-080,2019-11-26,France,NATO Ally,"Centre Spatial Guyanais, Kourou, Guyane Francaise",Centre Spatial Guyanais,Ariane 5,Success,Heavy,,5.2333,-52.7517
2019-079,2019-11-25,Russia/Soviet Union,Russia/Soviet Union,"Plesetsk Kosmodrome, Russia",Plesetsk Kosmodrome,Soyuz-2,Success,Medium,,63.0,41.1
2019-078,2019-11-23,China,China,"Xichang Space Center (Songlin), Sichuan, China",Xichang Space Center (Songlin),Long March 3,Success,Medium,,28.2472,102.0291
2019-077,2019-11-17,China,China,"Jiuquan Space Center, Nei Monggol Zizhiqu, China",Jiuquan Space Center,Kuaizhou-1A,Success,Small,,41.31,100.31
2019-075,2019-11-13,China,China,"Jiuquan Space Center, Nei Monggol Zizhiqu, China",Jiuquan Space Center,Kuaizhou-1A,Success,Small,,41.31,100.31
2019-076,2019-11-13,China,China,Taiyuan weixing fashe zhongxin,Taiyuan weixing fashe zhongxin,Long March 6,Success,Small,,37.5,112.6
2019-074,2019-11-11,United States,United States,"Kennedy / Cape Canaveral, Florida",Kennedy / Cape Canaveral,Falcon 9,Success,Medium,Yes,28.46,-80.54
2019-073,2019-11-04,China,China,"Xichang Space Center (Songlin), Sichuan, China",Xichang Space Center (Songlin),Long March 3,Success,Medium,,28.2472,102.0291
2019-072,2019-11-03,China,China,Taiyuan weixing fashe zhongxin,Taiyuan weixing fashe zhongxin,Long March 4,Success,Medium,,37.5,112.6
2019-071,2019-11-02,United States,United States,"Wallops Island, Virginia",Wallops Island,Antares 230+,Success,Medium,,37.83,-75.48
2019-069,2019-10-17,New Zealand,Major Non-NATO Ally,"Rocket Lab Launch Complex 1, Onenui Station, Mahia Peninsula",Rocket Lab Launch Complex 1,Electron,Success,Small,,-39.2609,177.8655
2019-070,2019-10-17,China,China,"Xichang Space Center (Songlin), Sichuan, China",Xichang Space Center (Songlin),Long March 3,Success,Medium,,28.2472,102.0291
2019-068,2019-10-11,United States,United States,"Kennedy / Cape Canaveral, Florida",Kennedy / Cape Canaveral,Pegasus XL,Success,Small,,28.46,-80.54
2019-067,2019-10-09,Russia/Soviet Union,Russia/Soviet Union,"Baykonur Kosmodrome, Kazakstan",Baykonur Kosmodrome,Proton-M,Success,Heavy,,46.0,63.0
2019-066,2019-10-04,China,China,Taiyuan weixing fashe zhongxin,Taiyuan weixing fashe zhongxin,Long March 4,Success,Medium,,37.5,112.6
2019-065,2019-09-26,Russia/Soviet Union,Russia/Soviet Union,"Plesetsk Kosmodrome, Russia",Plesetsk Kosmodrome,Soyuz-2,Success,Medium,,63.0,41.1
2019-063,2019-09-25,China,China,"Jiuquan Space Center, Nei Monggol Zizhiqu, China",Jiuquan Space Center,Long March 2,Success,Medium,,41.31,100.31
2019-064,2019-09-25,Russia/Soviet Union,Russia/Soviet Union,"Baykonur Kosmodrome, Kazakstan",Baykonur Kosmodrome,Soyuz-FG,Success,Medium,,46.0,63.0
2019-062,2019-09-24,Japan,Major Non-NATO Ally,"Tanegashima Space Center, Tanegashima, Nippon",Tanegashima Space Center,H-II,Success,Medium,,30.4,130.97
2019-061,2019-09-22,China,China,"Xichang Space Center (Songlin), Sichuan, China",Xichang Space Center (Songlin),Long March 3,Success,Medium,,28.2472,102.0291
2019-060,2019-09-19,China,China,"Jiuquan Space Center, Nei Monggol Zizhiqu, China",Jiuquan Space Center,Long March 11,Success,Small,,41.31,100.31
2019-059,2019-09-12,China,China,Taiyuan weixing fashe zhongxin,Taiyuan weixing fashe zhongxin,Long March 4,Success,Medium,,37.5,112.6
2019-057,2019-08-30,Russia/Soviet Union,Russia/Soviet Union,"Plesetsk Kosmodrome, Russia",Plesetsk Kosmodrome,Rokot,Success,Small,,63.0,41.1
2019-058,2019-08-30,China,China,"Jiuquan Space Center, Nei Monggol Zizhiqu, China",Jiuquan Space Center,Kuaizhou-1A,Success,Small,,41.31,100.31
2019-E01,2019-08-29,Iran,Other,"Semnan missile launch site, Iran",Semnan missile launch site,Safir,Abort or Failure on Pad,Small,,35.2347,53.921
2019-055,2019-08-22,Russia/Soviet Union,Russia/Soviet Union,"Baykonur Kosmodrome, Kazakstan",Baykonur Kosmodrome,Soyuz-2,Success,Medium,,46.0,63.0
2019-056,2019-08-22,United States,United States,"Kennedy / Cape Canaveral, Florida",Kennedy / Cape Canaveral,Delta IV,Success,Medium,,28.46,-80.54
2019-053,2019-08-19,China,China,"Xichang Space Center (Songlin), Sichuan, China",Xichang Space Center (Songlin),Long March 3,Success,Medium,,28.2472,102.0291
2019-054,2019-08-19,New Zealand,Major Non-NATO Ally,"Rocket Lab Launch Complex 1, Onenui Station, Mahia Peninsula",Rocket Lab Launch Complex 1,Electron,Success,Small,,-39.2609,177.8655
2019-052,2019-08-17,China,China,"Jiuquan Space Center, Nei Monggol Zizhiqu, China",Jiuquan Space Center,Jielong-1,Success,Small,,41.31,100.31
2019-051,2019-08-08,United States,United States,"Kennedy / Cape Canaveral, Florida",Kennedy / Cape Canaveral,Atlas V,Success,Medium,,28.46,-80.54
2019-049,2019-08-06,France,NATO Ally,"Centre Spatial Guyanais, Kourou, Guyane Francaise",Centre Spatial Guyanais,Ariane 5,Success,Heavy,,5.2333,-52.7517
2019-050,2019-08-06,United States,United States,"Kennedy / Cape Canaveral, Florida",Kennedy / Cape Canaveral,Falcon 9,Success,Medium,,28.46,-80.54
2019-048,2019-08-05,Russia/Soviet Union,Russia/Soviet Union,"Baykonur Kosmodrome, Kazakstan",Baykonur Kosmodrome,Proton-M,Success,Heavy,,46.0,63.0
2019-047,2019-07-31,Russia/Soviet Union,Russia/Soviet Union,"Baykonur Kosmodrome, Kazakstan",Baykonur Kosmodrome,Soyuz-2,Success,Medium,,46.0,63.0
2019-046,2019-07-30,Russia/Soviet Union,Russia/Soviet Union,"Plesetsk Kosmodrome, Russia",Plesetsk Kosmodrome,Soyuz-2,Success,Medium,,63.0,41.1
2019-045,2019-07-26,China,China,"Xichang Space Center (Songlin), Sichuan, China",Xichang Space Center (Songlin),Long March 2,Success,Medium,,28.2472,102.0291
2019-043,2019-07-25,China,China,"Jiuquan Space Center, Nei Monggol Zizhiqu, China",Jiuquan Space Center,Shuang Quxian 1,Success,Small,,41.31,100.31
2019-044,2019-07-25,United States,United States,"Kennedy / Cape Canaveral, Florida",Kennedy / Cape Canaveral,Falcon 9,Success,Medium,,28.46,-80.54
2019-042,2019-07-22,India,Other,"Satish Dhawan Space Ctr, Sriharikota, Andhra Pradesh, India",Satish Dhawan Space Ctr,LVM3,Success,Medium,,13.621,80.303
2019-041,2019-07-20,Russia/Soviet Union,Russia/Soviet Union,"Baykonur Kosmodrome, Kazakstan",Baykonur Kosmodrome,Soyuz-FG,Success,Medium,,46.0,63.0
2019-040,2019-07-13,Russia/Soviet Union,Russia/Soviet Union,"Baykonur Kosmodrome, Kazakstan",Baykonur Kosmodrome,Proton-M,Success,Heavy,,46.0,63.0
2019-F05,2019-07-11,France,NATO Ally,"Centre Spatial Guyanais, Kourou, Guyane Francaise",Centre Spatial Guyanais,Vega,Failure,Small,,5.2333,-52.7517
2019-039,2019-07-10,Russia/Soviet Union,Russia/Soviet Union,"Plesetsk Kosmodrome, Russia",Plesetsk Kosmodrome,Soyuz-2,Success,Medium,,63.0,41.1
2019-038,2019-07-05,Russia/Soviet Union,Russia/Soviet Union,"Vostochniy, Svobodniy, Amurskaya Oblast', Rossiya",Vostochniy,Soyuz-2,Success,Medium,,51.7,128.0
2019-037,2019-06-29,New Zealand,Major Non-NATO Ally,"Rocket Lab Launch Complex 1, Onenui Station, Mahia Peninsula",Rocket Lab Launch Complex 1,Electron,Success,Small,,-39.2609,177.8655
2019-036,2019-06-25,United States,United States,"Kennedy / Cape Canaveral, Florida",Kennedy / Cape Canaveral,Falcon Heavy,Success,Super Heavy,,28.46,-80.54
2019-035,2019-06-24,China,China,"Xichang Space Center (Songlin), Sichuan, China",Xichang Space Center (Songlin),Long March 3,Success,Medium,,28.2472,102.0291
2019-034,2019-06-20,France,NATO Ally,"Centre Spatial Guyanais, Kourou, Guyane Francaise",Centre Spatial Guyanais,Ariane 5,Success,Heavy,,5.2333,-52.7517
2019-033,2019-06-12,United States,United States,"Vandenberg Space Force Base, California",Vandenberg Space Force Base,Falcon 9,Success,Medium,,34.75,-120.62
2019-032,2019-06-05,China,China,Huang Hai CZ-11 launch zone,Huang Hai CZ-11 launch zone,Long March 11,Success,Small,,34.9,121.19
2019-031,2019-05-30,Russia/Soviet Union,Russia/Soviet Union,"Baykonur Kosmodrome, Kazakstan",Baykonur Kosmodrome,Proton-M,Success,Heavy,,46.0,63.0
2019-030,2019-05-27,Russia/Soviet Union,Russia/Soviet Union,"Plesetsk Kosmodrome, Russia",Plesetsk Kosmodrome,Soyuz-2,Success,Medium,,63.0,41.1
2019-029,2019-05-24,United States,United States,"Kennedy / Cape Canaveral, Florida",Kennedy / Cape Canaveral,Falcon 9,Success,Medium,Yes,28.46,-80.54
2019-028,2019-05-22,India,Other,"Satish Dhawan Space Ctr, Sriharikota, Andhra Pradesh, India",Satish Dhawan Space Ctr,PSLV,Success,Medium,,13.621,80.303
2019-F04,2019-05-22,China,China,Taiyuan weixing fashe zhongxin,Taiyuan weixing fashe zhongxin,Long March 4,Failure,Medium,,37.5,112.6
2019-027,2019-05-17,China,China,"Xichang Space Center (Songlin), Sichuan, China",Xichang Space Center (Songlin),Long March 3,Success,Medium,,28.2472,102.0291
2019-026,2019-05-05,New Zealand,Major Non-NATO Ally,"Rocket Lab Launch Complex 1, Onenui Station, Mahia Peninsula",Rocket Lab Launch Complex 1,Electron,Success,Small,,-39.2609,177.8655
2019-025,2019-05-04,United States,United States,"Kennedy / Cape Canaveral, Florida",Kennedy / Cape Canaveral,Falcon 9,Success,Medium,,28.46,-80.54
2019-024,2019-04-29,China,China,Taiyuan weixing fashe zhongxin,Taiyuan weixing fashe zhongxin,Long March 4,Success,Medium,,37.5,112.6
2019-023,2019-04-20,China,China,"Xichang Space Center (Songlin), Sichuan, China",Xichang Space Center (Songlin),Long March 3,Success,Medium,,28.2472,102.0291
2019-022,2019-04-17,United States,United States,"Wallops Island, Virginia",Wallops Island,Antares 230,Success,Medium,,37.83,-75.48
2019-021,2019-04-11,United States,United States,"Kennedy / Cape Canaveral, Florida",Kennedy / Cape Canaveral,Falcon Heavy,Success,Super Heavy,,28.46,-80.54
2019-019,2019-04-04,Russia/Soviet Union,Russia/Soviet Union,"Baykonur Kosmodrome, Kazakstan",Baykonur Kosmodrome,Soyuz-2,Success,Medium,,46.0,63.0
2019-020,2019-04-04,France,NATO Ally,"Centre Spatial Guyanais, Kourou, Guyane Francaise",Centre Spatial Guyanais,Soyuz-2,Success,Medium,,5.2333,-52.7517
2019-018,2019-04-01,India,Other,"Satish Dhawan Space Ctr, Sriharikota, Andhra Pradesh, India",Satish Dhawan Space Ctr,PSLV,Success,Medium,,13.621,80.303
2019-017,2019-03-31,China,China,"Xichang Space Center (Songlin), Sichuan, China",Xichang Space Center (Songlin),Long March 3,Success,Medium,,28.2472,102.0291
2019-016,2019-03-28,New Zealand,Major Non-NATO Ally,"Rocket Lab Launch Complex 1, Onenui Station, Mahia Peninsula",Rocket Lab Launch Complex 1,Electron,Success,Small,,-39.2609,177.8655
2019-F03,2019-03-27,China,China,"Jiuquan Space Center, Nei Monggol Zizhiqu, China",Jiuquan Space Center,OS-M1,Failure,Undetermined,,41.31,100.31
2019-015,2019-03-22,France,NATO Ally,"Centre Spatial Guyanais, Kourou, Guyane Francaise",Centre Spatial Guyanais,Vega,Success,Small,,5.2333,-52.7517
2019-014,2019-03-16,United States,United States,"Kennedy / Cape Canaveral, Florida",Kennedy / Cape Canaveral,Delta IV,Success,Medium,,28.46,-80.54
2019-013,2019-03-14,Russia/Soviet Union,Russia/Soviet Union,"Baykonur Kosmodrome, Kazakstan",Baykonur Kosmodrome,Soyuz-FG,Success,Medium,,46.0,63.0
2019-012,2019-03-09,China,China,"Xichang Space Center (Songlin), Sichuan, China",Xichang Space Center (Songlin),Long March 3,Success,Medium,,28.2472,102.0291
2019-011,2019-03-02,United States,United States,"Kennedy / Cape Canaveral, Florida",Kennedy / Cape Canaveral,Falcon 9,Success,Medium,,28.46,-80.54
2019-010,2019-02-27,France,NATO Ally,"Centre Spatial Guyanais, Kourou, Guyane Francaise",Centre Spatial Guyanais,Soyuz-2,Success,Medium,,5.2333,-52.7517
2019-009,2019-02-22,United States,United States,"Kennedy / Cape Canaveral, Florida",Kennedy / Cape Canaveral,Falcon 9,Success,Medium,,28.46,-80.54
2019-008,2019-02-21,Russia/Soviet Union,Russia/Soviet Union,"Baykonur Kosmodrome, Kazakstan",Baykonur Kosmodrome,Soyuz-2,Success,Medium,,46.0,63.0
2019-007,2019-02-05,France,NATO Ally,"Centre Spatial Guyanais, Kourou, Guyane Francaise",Centre Spatial Guyanais,Ariane 5,Success,Heavy,,5.2333,-52.7517
2019-F02,2019-02-05,Iran,Other,"Semnan missile launch site, Iran",Semnan missile launch site,Safir,Failure,Small,,35.2347,53.921
2019-006,2019-01-24,India,Other,"Satish Dhawan Space Ctr, Sriharikota, Andhra Pradesh, India",Satish Dhawan Space Ctr,PSLV,Success,Medium,,13.621,80.303
2019-005,2019-01-21,China,China,"Jiuquan Space Center, Nei Monggol Zizhiqu, China",Jiuquan Space Center,Long March 11,Success,Small,,41.31,100.31
2019-004,2019-01-19,United States,United States,"Vandenberg Space Force Base, California",Vandenberg Space Force Base,Delta IV,Success,Heavy,,34.75,-120.62
2019-003,2019-01-18,Japan,Major Non-NATO Ally,"Uchinoura Space Center, Kagoshima (formerly Kagoshima)",Uchinoura Space Center,Epsilon,Success,Small,,31.25,131.079
2019-F01,2019-01-15,Iran,Other,"Semnan missile launch site, Iran",Semnan missile launch site,Simorgh,Failure,Small,,35.2347,53.921
2019-002,2019-01-11,United States,United States,"Vandenberg Space Force Base, California",Vandenberg Space Force Base,Falcon 9,Success,Medium,,34.75,-120.62
2019-001,2019-01-10,China,China,"Xichang Space Center (Songlin), Sichuan, China",Xichang Space Center (Songlin),Long March 3,Success,Medium,,28.2472,102.0291
2018-112,2018-12-29,China,China,"Jiuquan Space Center, Nei Monggol Zizhiqu, China",Jiuquan Space Center,Long March 2,Success,Medium,,41.31,100.31
2018-111,2018-12-27,Russia/Soviet Union,Russia/Soviet Union,"Vostochniy, Svobodniy, Amurskaya Oblast', Rossiya",Vostochniy,Soyuz-2,Success,Medium,,51.7,128.0
2018-110,2018-12-24,China,China,"Xichang Space Center (Songlin), Sichuan, China",Xichang Space Center (Songlin),Long March 3,Success,Medium,,28.2472,102.0291
2018-109,2018-12-23,United States,United States,"Kennedy / Cape Canaveral, Florida",Kennedy / Cape Canaveral,Falcon 9,Success,Medium,,28.46,-80.54
2018-107,2018-12-21,Russia/Soviet Union,Russia/Soviet Union,"Baykonur Kosmodrome, Kazakstan",Baykonur Kosmodrome,Proton-M,Success,Heavy,,46.0,63.0
2018-108,2018-12-21,China,China,"Jiuquan Space Center, Nei Monggol Zizhiqu, China",Jiuquan Space Center,Long March 11,Success,Small,,41.31,100.31
2018-105,2018-12-19,India,Other,"Satish Dhawan Space Ctr, Sriharikota, Andhra Pradesh, India",Satish Dhawan Space Ctr,GSLV Mk II,Success,Medium,,13.621,80.303
2018-106,2018-12-19,France,NATO Ally,"Centre Spatial Guyanais, Kourou, Guyane Francaise",Centre Spatial Guyanais,Soyuz-2,Success,Medium,,5.2333,-52.7517
2018-104,2018-12-16,New Zealand,Major Non-NATO Ally,"Rocket Lab Launch Complex 1, Onenui Station, Mahia Peninsula",Rocket Lab Launch Complex 1,Electron,Success,Small,,-39.2609,177.8655
2018-102,2018-12-07,China,China,"Jiuquan Space Center, Nei Monggol Zizhiqu, China",Jiuquan Space Center,Long March 2,Success,Medium,,41.31,100.31
2018-103,2018-12-07,China,China,"Xichang Space Center (Songlin), Sichuan, China",Xichang Space Center (Songlin),Long March 3,Success,Medium,,28.2472,102.0291
2018-101,2018-12-05,United States,United States,"Kennedy / Cape Canaveral, Florida",Kennedy / Cape Canaveral,Falcon 9,Success,Medium,,28.46,-80.54
2018-100,2018-12-04,France,NATO Ally,"Centre Spatial Guyanais, Kourou, Guyane Francaise",Centre Spatial Guyanais,Ariane 5,Success,Heavy,,5.2333,-52.7517
2018-098,2018-12-03,Russia/Soviet Union,Russia/Soviet Union,"Baykonur Kosmodrome, Kazakstan",Baykonur Kosmodrome,Soyuz-FG,Success,Medium,,46.0,63.0
2018-099,2018-12-03,United States,United States,"Vandenberg Space Force Base, California",Vandenberg Space Force Base,Falcon 9,Success,Medium,,34.75,-120.62
2018-097,2018-11-30,Russia/Soviet Union,Russia/Soviet Union,"Plesetsk Kosmodrome, Russia",Plesetsk Kosmodrome,Rokot,Success,Small,,63.0,41.1
2018-096,2018-11-29,India,Other,"Satish Dhawan Space Ctr, Sriharikota, Andhra Pradesh, India",Satish Dhawan Space Ctr,PSLV,Success,Medium,,13.621,80.303
2018-095,2018-11-21,France,NATO Ally,"Centre Spatial Guyanais, Kourou, Guyane Francaise",Centre Spatial Guyanais,Vega,Success,Small,,5.2333,-52.7517
2018-094,2018-11-19,China,China,"Jiuquan Space Center, Nei Monggol Zizhiqu, China",Jiuquan Space Center,Long March 2,Success,Medium,,41.31,100.31
2018-093,2018-11-18,China,China,"Xichang Space Center (Songlin), Sichuan, China",Xichang Space Center (Songlin),Long March 3,Success,Medium,,28.2472,102.0291
2018-092,2018-11-17,United States,United States,"Wallops Island, Virginia",Wallops Island,Antares 230,Success,Medium,,37.83,-75.48
2018-091,2018-11-16,Russia/Soviet Union,Russia/Soviet Union,"Baykonur Kosmodrome, Kazakstan",Baykonur Kosmodrome,Soyuz-FG,Success,Medium,,46.0,63.0
2018-090,2018-11-15,United States,United States,"Kennedy / Cape Canaveral, Florida",Kennedy / Cape Canaveral,Falcon 9,Success,Medium,,28.46,-80.54
2018-089,2018-11-14,India,Other,"Satish Dhawan Space Ctr, Sriharikota, Andhra Pradesh, India",Satish Dhawan Space Ctr,GSLV Mk III,Success,Medium,,13.621,80.303
2018-088,2018-11-11,New Zealand,Major Non-NATO Ally,"Rocket Lab Launch Complex 1, Onenui Station, Mahia Peninsula",Rocket Lab Launch Complex 1,Electron,Success,Small,,-39.2609,177.8655
2018-087,2018-11-07,France,NATO Ally,"Centre Spatial Guyanais, Kourou, Guyane Francaise",Centre Spatial Guyanais,Soyuz-2,Success,Medium,,5.2333,-52.7517
2018-086,2018-11-03,Russia/Soviet Union,Russia/Soviet Union,"Plesetsk Kosmodrome, Russia",Plesetsk Kosmodrome,Soyuz-2,Success,Medium,,63.0,41.1
2018-085,2018-11-01,China,China,"Xichang Space Center (Songlin), Sichuan, China",Xichang Space Center (Songlin),Long March 3,Success,Medium,,28.2472,102.0291
2018-083,2018-10-29,China,China,"Jiuquan Space Center, Nei Monggol Zizhiqu, China",Jiuquan Space Center,Long March 2,Success,Medium,,41.31,100.31
2018-084,2018-10-29,Japan,Major Non-NATO Ally,"Tanegashima Space Center, Tanegashima, Nippon",Tanegashima Space Center,H-II,Success,Medium,,30.4,130.97
2018-F02,2018-10-27,China,China,"Jiuquan Space Center, Nei Monggol Zizhiqu, China",Jiuquan Space Center,Zhuque-1,Failure,Undetermined,,41.31,100.31
2018-082,2018-10-25,Russia/Soviet Union,Russia/Soviet Union,"Plesetsk Kosmodrome, Russia",Plesetsk Kosmodrome,Soyuz-2,Success,Medium,,63.0,41.1
2018-081,2018-10-24,China,China,Taiyuan weixing fashe zhongxin,Taiyuan weixing fashe zhongxin,Long March 4,Success,Medium,,37.5,112.6
2018-080,2018-10-20,France,NATO Ally,"Centre Spatial Guyanais, Kourou, Guyane Francaise",Centre Spatial Guyanais,Ariane 5,Success,Heavy,,5.2333,-52.7517
2018-079,2018-10-17,United States,United States,"Kennedy / Cape Canaveral, Florida",Kennedy / Cape Canaveral,Atlas V,Success,Medium,,28.46,-80.54
2018-078,2018-10-15,China,China,"Xichang Space Center (Songlin), Sichuan, China",Xichang Space Center (Songlin),Long March 3,Success,Medium,,28.2472,102.0291
2018-F01,2018-10-11,Russia/Soviet Union,Russia/Soviet Union,"Baykonur Kosmodrome, Kazakstan",Baykonur Kosmodrome,Soyuz-FG,Failure,Medium,,46.0,63.0
2018-077,2018-10-09,China,China,"Jiuquan Space Center, Nei Monggol Zizhiqu, China",Jiuquan Space Center,Long March 2,Success,Medium,,41.31,100.31
2018-076,2018-10-08,United States,United States,"Vandenberg Space Force Base, California",Vandenberg Space Force Base,Falcon 9,Success,Medium,,34.75,-120.62
2018-075,2018-09-29,China,China,"Jiuquan Space Center, Nei Monggol Zizhiqu, China",Jiuquan Space Center,Kuaizhou-1A,Success,Small,,41.31,100.31
2018-074,2018-09-25,France,NATO Ally,"Centre Spatial Guyanais, Kourou, Guyane Francaise",Centre Spatial Guyanais,Ariane 5,Success,Heavy,,5.2333,-52.7517
2018-073,2018-09-22,Japan,Major Non-NATO Ally,"Tanegashima Space Center, Tanegashima, Nippon",Tanegashima Space Center,H-II,Success,Medium,,30.4,130.97
2018-072,2018-09-19,China,China,"Xichang Space Center (Songlin), Sichuan, China",Xichang Space Center (Songlin),Long March 3,Success,Medium,,28.2472,102.0291
2018-071,2018-09-16,India,Other,"Satish Dhawan Space Ctr, Sriharikota, Andhra Pradesh, India",Satish Dhawan Space Ctr,PSLV,Success,Medium,,13.621,80.303
2018-070,2018-09-15,United States,United States,"Vandenberg Space Force Base, California",Vandenberg Space Force Base,Delta II,Success,Medium,,34.75,-120.62
2018-069,2018-09-10,United States,United States,"Kennedy / Cape Canaveral, Florida",Kennedy / Cape Canaveral,Falcon 9,Success,Medium,,28.46,-80.54
2018-068,2018-09-07,China,China,Taiyuan weixing fashe zhongxin,Taiyuan weixing fashe zhongxin,Long March 2,Success,Medium,,37.5,112.6
2018-067,2018-08-24,China,China,"Xichang Space Center (Songlin), Sichuan, China",Xichang Space Center (Songlin),Long March 3,Success,Medium,,28.2472,102.0291
2018-066,2018-08-22,France,NATO Ally,"Centre Spatial Guyanais, Kourou, Guyane Francaise",Centre Spatial Guyanais,Vega,Success,Small,,5.2333,-52.7517
2018-065,2018-08-12,United States,United States,"Kennedy / Cape Canaveral, Florida",Kennedy / Cape Canaveral,Delta IV,Success,Heavy,,28.46,-80.54
2018-064,2018-08-07,United States,United States,"Kennedy / Cape Canaveral, Florida",Kennedy / Cape Canaveral,Falcon 9,Success,Medium,,28.46,-80.54
2018-063,2018-07-31,China,China,Taiyuan weixing fashe zhongxin,Taiyuan weixing fashe zhongxin,Long March 4,Success,Medium,,37.5,112.6
2018-062,2018-07-29,China,China,"Xichang Space Center (Songlin), Sichuan, China",Xichang Space Center (Songlin),Long March 3,Success,Medium,,28.2472,102.0291
2018-060,2018-07-25,France,NATO Ally,"Centre Spatial Guyanais, Kourou, Guyane Francaise",Centre Spatial Guyanais,Ariane 5,Success,Heavy,,5.2333,-52.7517
2018-061,2018-07-25,United States,United States,"Vandenberg Space Force Base, California",Vandenberg Space Force Base,Falcon 9,Success,Medium,,34.75,-120.62
2018-059,2018-07-22,United States,United States,"Kennedy / Cape Canaveral, Florida",Kennedy / Cape Canaveral,Falcon 9,Success,Medium,,28.46,-80.54
2018-056,2018-07-09,China,China,"Jiuquan Space Center, Nei Monggol Zizhiqu, China",Jiuquan Space Center,Long March 2,Success,Medium,,41.31,100.31
2018-057,2018-07-09,China,China,"Xichang Space Center (Songlin), Sichuan, China",Xichang Space Center (Songlin),Long March 3,Success,Medium,,28.2472,102.0291
2018-058,2018-07-09,Russia/Soviet Union,Russia/Soviet Union,"Baykonur Kosmodrome, Kazakstan",Baykonur Kosmodrome,Soyuz-2,Success,Medium,,46.0,63.0
2018-055,2018-06-29,United States,United States,"Kennedy / Cape Canaveral, Florida",Kennedy / Cape Canaveral,Falcon 9,Success,Medium,,28.46,-80.54
2018-054,2018-06-27,China,China,"Xichang Space Center (Songlin), Sichuan, China",Xichang Space Center (Songlin),Long March 2,Success,Medium,,28.2472,102.0291
2018-053,2018-06-16,Russia/Soviet Union,Russia/Soviet Union,"Plesetsk Kosmodrome, Russia",Plesetsk Kosmodrome,Soyuz-2,Success,Medium,,63.0,41.1
2018-052,2018-06-12,Japan,Major Non-NATO Ally,"Tanegashima Space Center, Tanegashima, Nippon",Tanegashima Space Center,H-II,Success,Medium,,30.4,130.97
2018-051,2018-06-06,Russia/Soviet Union,Russia/Soviet Union,"Baykonur Kosmodrome, Kazakstan",Baykonur Kosmodrome,Soyuz-FG,Success,Medium,,46.0,63.0
2018-050,2018-06-05,China,China,"Xichang Space Center (Songlin), Sichuan, China",Xichang Space Center (Songlin),Long March 3,Success,Medium,,28.2472,102.0291
2018-049,2018-06-04,United States,United States,"Kennedy / Cape Canaveral, Florida",Kennedy / Cape Canaveral,Falcon 9,Success,Medium,,28.46,-80.54
2018-048,2018-06-02,China,China,"Jiuquan Space Center, Nei Monggol Zizhiqu, China",Jiuquan Space Center,Long March 2,Success,Medium,,41.31,100.31
2018-047,2018-05-22,United States,United States,"Vandenberg Space Force Base, California",Vandenberg Space Force Base,Falcon 9,Success,Medium,,34.75,-120.62
2018-046,2018-05-21,United States,United States,"Wallops Island, Virginia",Wallops Island,Antares 230,Success,Medium,,37.83,-75.48
2018-045,2018-05-20,China,China,"Xichang Space Center (Songlin), Sichuan, China",Xichang Space Center (Songlin),Long March 4,Success,Medium,,28.2472,102.0291
2018-044,2018-05-11,United States,United States,"Kennedy / Cape Canaveral, Florida",Kennedy / Cape Canaveral,Falcon 9,Success,Medium,,28.46,-80.54
2018-043,2018-05-08,China,China,Taiyuan weixing fashe zhongxin,Taiyuan weixing fashe zhongxin,Long March 4,Success,Medium,,37.5,112.6
2018-042,2018-05-05,United States,United States,"Vandenberg Space Force Base, California",Vandenberg Space Force Base,Atlas V,Success,Medium,,34.75,-120.62
2018-041,2018-05-03,China,China,"Xichang Space Center (Songlin), Sichuan, China",Xichang Space Center (Songlin),Long March 3,Success,Medium,,28.2472,102.0291
2018-040,2018-04-26,China,China,"Jiuquan Space Center, Nei Monggol Zizhiqu, China",Jiuquan Space Center,Long March 11,Success,Small,,41.31,100.31
2018-039,2018-04-25,Russia/Soviet Union,Russia/Soviet Union,"Plesetsk Kosmodrome, Russia",Plesetsk Kosmodrome,Rokot,Success,Small,,63.0,41.1
2018-037,2018-04-18,Russia/Soviet Union,Russia/Soviet Union,"Baykonur Kosmodrome, Kazakstan",Baykonur Kosmodrome,Proton-M,Success,Heavy,,46.0,63.0
2018-038,2018-04-18,United States,United States,"Kennedy / Cape Canaveral, Florida",Kennedy / Cape Canaveral,Falcon 9,Success,Medium,,28.46,-80.54
2018-036,2018-04-14,United States,United States,"Kennedy / Cape Canaveral, Florida",Kennedy / Cape Canaveral,Atlas V,Success,Medium,,28.46,-80.54
2018-035,2018-04-11,India,Other,"Satish Dhawan Space Ctr, Sriharikota, Andhra Pradesh, India",Satish Dhawan Space Ctr,PSLV,Success,Medium,,13.621,80.303
2018-034,2018-04-10,China,China,"Jiuquan Space Center, Nei Monggol Zizhiqu, China",Jiuquan Space Center,Long March 4,Success,Medium,,41.31,100.31
2018-033,2018-04-05,France,NATO Ally,"Centre Spatial Guyanais, Kourou, Guyane Francaise",Centre Spatial Guyanais,Ariane 5,Success,Heavy,,5.2333,-52.7517
2018-032,2018-04-02,United States,United States,"Kennedy / Cape Canaveral, Florida",Kennedy / Cape Canaveral,Falcon 9,Success,Medium,,28.46,-80.54
2018-031,2018-03-31,China,China,Taiyuan weixing fashe zhongxin,Taiyuan weixing fashe zhongxin,Long March 4,Success,Medium,,37.5,112.6
2018-030,2018-03-30,United States,United States,"Vandenberg Space Force Base, California",Vandenberg Space Force Base,Falcon 9,Success,Medium,,34.75,-120.62
2018-027,2018-03-29,India,Other,"Satish Dhawan Space Ctr, Sriharikota, Andhra Pradesh, India",Satish Dhawan Space Ctr,GSLV Mk II,Success,Medium,,13.621,80.303
2018-028,2018-03-29,Russia/Soviet Union,Russia/Soviet Union,"Plesetsk Kosmodrome, Russia",Plesetsk Kosmodrome,Soyuz-2,Success,Medium,,63.0,41.1
2018-029,2018-03-29,China,China,"Xichang Space Center (Songlin), Sichuan, China",Xichang Space Center (Songlin),Long March 3,Success,Medium,,28.2472,102.0291
2018-026,2018-03-21,Russia/Soviet Union,Russia/Soviet Union,"Baykonur Kosmodrome, Kazakstan",Baykonur Kosmodrome,Soyuz-FG,Success,Medium,,46.0,63.0
2018-025,2018-03-17,China,China,"Jiuquan Space Center, Nei Monggol Zizhiqu, China",Jiuquan Space Center,Long March 2,Success,Medium,,41.31,100.31
2018-024,2018-03-09,France,NATO Ally,"Centre Spatial Guyanais, Kourou, Guyane Francaise",Centre Spatial Guyanais,Soyuz-2,Success,Medium,,5.2333,-52.7517
2018-023,2018-03-06,United States,United States,"Kennedy / Cape Canaveral, Florida",Kennedy / Cape Canaveral,Falcon 9,Success,Medium,,28.46,-80.54
2018-022,2018-03-01,United States,United States,"Kennedy / Cape Canaveral, Florida",Kennedy / Cape Canaveral,Atlas V,Success,Medium,,28.46,-80.54
2018-021,2018-02-27,Japan,Major Non-NATO Ally,"Tanegashima Space Center, Tanegashima, Nippon",Tanegashima Space Center,H-II,Success,Medium,,30.4,130.97
2018-020,2018-02-22,United States,United States,"Vandenberg Space Force Base, California",Vandenberg Space Force Base,Falcon 9,Success,Medium,,34.75,-120.62
2018-019,2018-02-13,Russia/Soviet Union,Russia/Soviet Union,"Baykonur Kosmodrome, Kazakstan",Baykonur Kosmodrome,Soyuz-2,Success,Medium,,46.0,63.0
2018-018,2018-02-12,China,China,"Xichang Space Center (Songlin), Sichuan, China",Xichang Space Center (Songlin),Long March 3,Success,Medium,,28.2472,102.0291
2018-017,2018-02-06,United States,United States,"Kennedy / Cape Canaveral, Florida",Kennedy / Cape Canaveral,Falcon Heavy,Success,Super Heavy,,28.46,-80.54
2018-016,2018-02-03,Japan,Major Non-NATO Ally,"Uchinoura Space Center, Kagoshima (formerly Kagoshima)",Uchinoura Space Center,SS-520,Success,Small,,31.25,131.079
2018-015,2018-02-02,China,China,"Jiuquan Space Center, Nei Monggol Zizhiqu, China",Jiuquan Space Center,Long March 2,Success,Medium,,41.31,100.31
2018-014,2018-02-01,Russia/Soviet Union,Russia/Soviet Union,"Vostochniy, Svobodniy, Amurskaya Oblast', Rossiya",Vostochniy,Soyuz-2,Success,Medium,,51.7,128.0
2018-013,2018-01-31,United States,United States,"Kennedy / Cape Canaveral, Florida",Kennedy / Cape Canaveral,Falcon 9,Success,Medium,,28.46,-80.54
2018-011,2018-01-25,China,China,"Xichang Space Center (Songlin), Sichuan, China",Xichang Space Center (Songlin),Long March 2,Success,Medium,,28.2472,102.0291
2018-012,2018-01-25,France,NATO Ally,"Centre Spatial Guyanais, Kourou, Guyane Francaise",Centre Spatial Guyanais,Ariane 5,Success,Heavy,,5.2333,-52.7517
2018-010,2018-01-21,New Zealand,Major Non-NATO Ally,"Rocket Lab Launch Complex 1, Onenui Station, Mahia Peninsula",Rocket Lab Launch Complex 1,Electron,Success,Small,,-39.2609,177.8655
2018-009,2018-01-20,United States,United States,"Kennedy / Cape Canaveral, Florida",Kennedy / Cape Canaveral,Atlas V,Success,Medium,,28.46,-80.54
2018-008,2018-01-19,China,China,"Jiuquan Space Center, Nei Monggol Zizhiqu, China",Jiuquan Space Center,Long March 11,Success,Small,,41.31,100.31
2018-007,2018-01-17,Japan,Major Non-NATO Ally,"Uchinoura Space Center, Kagoshima (formerly Kagoshima)",Uchinoura Space Center,Epsilon,Success,Small,,31.25,131.079
2018-006,2018-01-13,China,China,"Jiuquan Space Center, Nei Monggol Zizhiqu, China",Jiuquan Space Center,Long March 2,Success,Medium,,41.31,100.31
2018-004,2018-01-12,India,Other,"Satish Dhawan Space Ctr, Sriharikota, Andhra Pradesh, India",Satish Dhawan Space Ctr,PSLV,Success,Medium,,13.621,80.303
2018-005,2018-01-12,United States,United States,"Vandenberg Space Force Base, California",Vandenberg Space Force Base,Delta IV,Success,Medium,,34.75,-120.62
2018-003,2018-01-11,China,China,"Xichang Space Center (Songlin), Sichuan, China",Xichang Space Center (Songlin),Long March 3,Success,Medium,,28.2472,102.0291
2018-002,2018-01-09,China,China,Taiyuan weixing fashe zhongxin,Taiyuan weixing fashe zhongxin,Long March 2,Success,Medium,,37.5,112.6
2018-001,2018-01-08,United States,United States,"Kennedy / Cape Canaveral, Florida",Kennedy / Cape Canaveral,Falcon 9,Success,Medium,,28.46,-80.54
2017-086,2017-12-26,Russia/Soviet Union,Russia/Soviet Union,"Baykonur Kosmodrome, Kazakstan",Baykonur Kosmodrome,Zenit-3,Success,Medium,,46.0,63.0
2017-085,2017-12-25,China,China,"Xichang Space Center (Songlin), Sichuan, China",Xichang Space Center (Songlin),Long March 2,Success,Medium,,28.2472,102.0291
2017-082,2017-12-23,Japan,Major Non-NATO Ally,"Tanegashima Space Center, Tanegashima, Nippon",Tanegashima Space Center,H-II,Success,Medium,,30.4,130.97
2017-083,2017-12-23,United States,United States,"Vandenberg Space Force Base, California",Vandenberg Space Force Base,Falcon 9,Success,Medium,,34.75,-120.62
2017-084,2017-12-23,China,China,"Jiuquan Space Center, Nei Monggol Zizhiqu, China",Jiuquan Space Center,Long March 2,Success,Medium,,41.31,100.31
2017-081,2017-12-17,Russia/Soviet Union,Russia/Soviet Union,"Baykonur Kosmodrome, Kazakstan",Baykonur Kosmodrome,Soyuz-FG,Success,Medium,,46.0,63.0
2017-080,2017-12-15,United States,United States,"Kennedy / Cape Canaveral, Florida",Kennedy / Cape Canaveral,Falcon 9,Success,Medium,,28.46,-80.54
2017-079,2017-12-12,France,NATO Ally,"Centre Spatial Guyanais, Kourou, Guyane Francaise",Centre Spatial Guyanais,Ariane 5,Success,Heavy,,5.2333,-52.7517
2017-078,2017-12-10,China,China,"Xichang Space Center (Songlin), Sichuan, China",Xichang Space Center (Songlin),Long March 3,Success,Medium,,28.2472,102.0291
2017-077,2017-12-03,China,China,"Jiuquan Space Center, Nei Monggol Zizhiqu, China",Jiuquan Space Center,Long March 2,Success,Medium,,41.31,100.31
2017-076,2017-12-02,Russia/Soviet Union,Russia/Soviet Union,"Plesetsk Kosmodrome, Russia",Plesetsk Kosmodrome,Soyuz-2,Success,Medium,,63.0,41.1
2017-F05,2017-11-28,Russia/Soviet Union,Russia/Soviet Union,"Vostochniy, Svobodniy, Amurskaya Oblast', Rossiya",Vostochniy,Soyuz-2,Failure,Medium,,51.7,128.0
2017-075,2017-11-24,China,China,"Xichang Space Center (Songlin), Sichuan, China",Xichang Space Center (Songlin),Long March 2,Success,Medium,,28.2472,102.0291
2017-074,2017-11-21,China,China,Taiyuan weixing fashe zhongxin,Taiyuan weixing fashe zhongxin,Long March 6,Success,Small,,37.5,112.6
2017-073,2017-11-18,United States,United States,"Vandenberg Space Force Base, California",Vandenberg Space Force Base,Delta II,Success,Medium,,34.75,-120.62
2017-072,2017-11-14,China,China,Taiyuan weixing fashe zhongxin,Taiyuan weixing fashe zhongxin,Long March 4,Success,Medium,,37.5,112.6
2017-071,2017-11-12,United States,United States,"Wallops Island, Virginia",Wallops Island,Antares 230,Success,Medium,,37.83,-75.48
2017-070,2017-11-08,France,NATO Ally,"Centre Spatial Guyanais, Kourou, Guyane Francaise",Centre Spatial Guyanais,Vega,Success,Small,,5.2333,-52.7517
2017-069,2017-11-05,China,China,"Xichang Space Center (Songlin), Sichuan, China",Xichang Space Center (Songlin),Long March 3,Success,Medium,,28.2472,102.0291
2017-068,2017-10-31,United States,United States,"Vandenberg Space Force Base, California",Vandenberg Space Force Base,Minotaur-C 3210,Success,Small,,34.75,-120.62
2017-067,2017-10-30,United States,United States,"Kennedy / Cape Canaveral, Florida",Kennedy / Cape Canaveral,Falcon 9,Success,Medium,,28.46,-80.54
2017-066,2017-10-15,United States,United States,"Kennedy / Cape Canaveral, Florida",Kennedy / Cape Canaveral,Atlas V,Success,Medium,,28.46,-80.54
2017-065,2017-10-14,Russia/Soviet Union,Russia/Soviet Union,"Baykonur Kosmodrome, Kazakstan",Baykonur Kosmodrome,Soyuz-2,Success,Medium,,46.0,63.0
2017-064,2017-10-13,Russia/Soviet Union,Russia/Soviet Union,"Plesetsk Kosmodrome, Russia",Plesetsk Kosmodrome,Rokot,Success,Small,,63.0,41.1
2017-063,2017-10-11,United States,United States,"Kennedy / Cape Canaveral, Florida",Kennedy / Cape Canaveral,Falcon 9,Success,Medium,,28.46,-80.54
2017-060,2017-10-09,China,China,"Jiuquan Space Center, Nei Monggol Zizhiqu, China",Jiuquan Space Center,Long March 2,Success,Medium,,41.31,100.31
2017-061,2017-10-09,United States,United States,"Vandenberg Space Force Base, California",Vandenberg Space Force Base,Falcon 9,Success,Medium,,34.75,-120.62
2017-062,2017-10-09,Japan,Major Non-NATO Ally,"Tanegashima Space Center, Tanegashima, Nippon",Tanegashima Space Center,H-II,Success,Medium,,30.4,130.97
2017-058,2017-09-29,China,China,"Xichang Space Center (Songlin), Sichuan, China",Xichang Space Center (Songlin),Long March 2,Success,Medium,,28.2472,102.0291
2017-059,2017-09-29,France,NATO Ally,"Centre Spatial Guyanais, Kourou, Guyane Francaise",Centre Spatial Guyanais,Ariane 5,Success,Heavy,,5.2333,-52.7517
2017-057,2017-09-28,Russia/Soviet Union,Russia/Soviet Union,"Baykonur Kosmodrome, Kazakstan",Baykonur Kosmodrome,Proton-M,Success,Heavy,,46.0,63.0
2017-056,2017-09-24,United States,United States,"Vandenberg Space Force Base, California",Vandenberg Space Force Base,Atlas V,Success,Medium,,34.75,-120.62
2017-055,2017-09-22,Russia/Soviet Union,Russia/Soviet Union,"Plesetsk Kosmodrome, Russia",Plesetsk Kosmodrome,Soyuz-2,Success,Medium,,63.0,41.1
2017-054,2017-09-12,Russia/Soviet Union,Russia/Soviet Union,"Baykonur Kosmodrome, Kazakstan",Baykonur Kosmodrome,Soyuz-FG,Success,Medium,,46.0,63.0
2017-053,2017-09-11,Russia/Soviet Union,Russia/Soviet Union,"Baykonur Kosmodrome, Kazakstan",Baykonur Kosmodrome,Proton-M,Success,Heavy,,46.0,63.0
2017-052,2017-09-07,United States,United States,"Kennedy / Cape Canaveral, Florida",Kennedy / Cape Canaveral,Falcon 9,Success,Medium,,28.46,-80.54
2017-051,2017-08-31,India,Other,"Satish Dhawan Space Ctr, Sriharikota, Andhra Pradesh, India",Satish Dhawan Space Ctr,PSLV,Failure,Medium,,13.621,80.303
2017-050,2017-08-26,United States,United States,"Kennedy / Cape Canaveral, Florida",Kennedy / Cape Canaveral,Minotaur IV,Success,Small,,28.46,-80.54
2017-049,2017-08-24,United States,United States,"Vandenberg Space Force Base, California",Vandenberg Space Force Base,Falcon 9,Success,Medium,,34.75,-120.62
2017-048,2017-08-19,Japan,Major Non-NATO Ally,"Tanegashima Space Center, Tanegashima, Nippon",Tanegashima Space Center,H-II,Success,Medium,,30.4,130.97
2017-047,2017-08-18,United States,United States,"Kennedy / Cape Canaveral, Florida",Kennedy / Cape Canaveral,Atlas V,Success,Medium,,28.46,-80.54
2017-046,2017-08-16,Russia/Soviet Union,Russia/Soviet Union,"Baykonur Kosmodrome, Kazakstan",Baykonur Kosmodrome,Proton-M,Success,Heavy,,46.0,63.0
2017-045,2017-08-14,United States,United States,"Kennedy / Cape Canaveral, Florida",Kennedy / Cape Canaveral,Falcon 9,Success,Medium,,28.46,-80.54
2017-044,2017-08-02,France,NATO Ally,"Centre Spatial Guyanais, Kourou, Guyane Francaise",Centre Spatial Guyanais,Vega,Success,Small,,5.2333,-52.7517
2017-043,2017-07-28,Russia/Soviet Union,Russia/Soviet Union,"Baykonur Kosmodrome, Kazakstan",Baykonur Kosmodrome,Soyuz-FG,Success,Medium,,46.0,63.0
2017-042,2017-07-14,Russia/Soviet Union,Russia/Soviet Union,"Baykonur Kosmodrome, Kazakstan",Baykonur Kosmodrome,Soyuz-2,Success,Medium,,46.0,63.0
2017-041,2017-07-05,United States,United States,"Kennedy / Cape Canaveral, Florida",Kennedy / Cape Canaveral,Falcon 9,Success,Medium,,28.46,-80.54
2017-F03,2017-07-02,China,China,"Wenchang Space Center, Hainan",Wenchang Space Center,Long March 5,Failure,Medium,,19.6142,110.9511
2017-040,2017-06-28,France,NATO Ally,"Centre Spatial Guyanais, Kourou, Guyane Francaise",Centre Spatial Guyanais,Ariane 5,Success,Heavy,,5.2333,-52.7517
2017-039,2017-06-25,United States,United States,"Vandenberg Space Force Base, California",Vandenberg Space Force Base,Falcon 9,Success,Medium,,34.75,-120.62
2017-036,2017-06-23,India,Other,"Satish Dhawan Space Ctr, Sriharikota, Andhra Pradesh, India",Satish Dhawan Space Ctr,PSLV,Success,Medium,,13.621,80.303
2017-037,2017-06-23,Russia/Soviet Union,Russia/Soviet Union,"Plesetsk Kosmodrome, Russia",Plesetsk Kosmodrome,Soyuz-2,Success,Medium,,63.0,41.1
2017-038,2017-06-23,United States,United States,"Kennedy / Cape Canaveral, Florida",Kennedy / Cape Canaveral,Falcon 9,Success,Medium,,28.46,-80.54
2017-035,2017-06-18,China,China,"Xichang Space Center (Songlin), Sichuan, China",Xichang Space Center (Songlin),Long March 3,Failure,Medium,,28.2472,102.0291
2017-034,2017-06-15,China,China,"Jiuquan Space Center, Nei Monggol Zizhiqu, China",Jiuquan Space Center,Long March 4,Success,Medium,,41.31,100.31
2017-033,2017-06-14,Russia/Soviet Union,Russia/Soviet Union,"Baykonur Kosmodrome, Kazakstan",Baykonur Kosmodrome,Soyuz-2,Success,Medium,,46.0,63.0
2017-032,2017-06-08,Russia/Soviet Union,Russia/Soviet Union,"Baykonur Kosmodrome, Kazakstan",Baykonur Kosmodrome,Proton-M,Success,Heavy,,46.0,63.0
2017-031,2017-06-05,India,Other,"Satish Dhawan Space Ctr, Sriharikota, Andhra Pradesh, India",Satish Dhawan Space Ctr,GSLV Mk III,Success,Medium,,13.621,80.303
2017-030,2017-06-03,United States,United States,"Kennedy / Cape Canaveral, Florida",Kennedy / Cape Canaveral,Falcon 9,Success,Medium,,28.46,-80.54
2017-028,2017-06-01,Japan,Major Non-NATO Ally,"Tanegashima Space Center, Tanegashima, Nippon",Tanegashima Space Center,H-II,Success,Medium,,30.4,130.97
2017-029,2017-06-01,France,NATO Ally,"Centre Spatial Guyanais, Kourou, Guyane Francaise",Centre Spatial Guyanais,Ariane 5,Success,Heavy,,5.2333,-52.7517
2017-027,2017-05-25,Russia/Soviet Union,Russia/Soviet Union,"Plesetsk Kosmodrome, Russia",Plesetsk Kosmodrome,Soyuz-2,Success,Medium,,63.0,41.1
2017-F02,2017-05-25,New Zealand,Major Non-NATO Ally,"Rocket Lab Launch Complex 1, Onenui Station, Mahia Peninsula",Rocket Lab Launch Complex 1,Electron,Failure,Small,,-39.2609,177.8655
2017-026,2017-05-18,France,NATO Ally,"Centre Spatial Guyanais, Kourou, Guyane Francaise",Centre Spatial Guyanais,Soyuz-2,Success,Medium,,5.2333,-52.7517
2017-025,2017-05-15,United States,United States,"Kennedy / Cape Canaveral, Florida",Kennedy / Cape Canaveral,Falcon 9,Success,Medium,,28.46,-80.54
2017-024,2017-05-05,India,Other,"Satish Dhawan Space Ctr, Sriharikota, Andhra Pradesh, India",Satish Dhawan Space Ctr,GSLV Mk II,Success,Medium,,13.621,80.303
2017-023,2017-05-04,France,NATO Ally,"Centre Spatial Guyanais, Kourou, Guyane Francaise",Centre Spatial Guyanais,Ariane 5,Success,Heavy,,5.2333,-52.7517
2017-022,2017-05-01,United States,United States,"Kennedy / Cape Canaveral, Florida",Kennedy / Cape Canaveral,Falcon 9,Success,Medium,,28.46,-80.54
2017-020,2017-04-20,Russia/Soviet Union,Russia/Soviet Union,"Baykonur Kosmodrome, Kazakstan",Baykonur Kosmodrome,Soyuz-FG,Success,Medium,,46.0,63.0
2017-021,2017-04-20,China,China,"Wenchang Space Center, Hainan",Wenchang Space Center,Long March 7,Success,Medium,,19.6142,110.9511
2017-019,2017-04-18,United States,United States,"Kennedy / Cape Canaveral, Florida",Kennedy / Cape Canaveral,Atlas V,Success,Medium,,28.46,-80.54
2017-018,2017-04-12,China,China,"Xichang Space Center (Songlin), Sichuan, China",Xichang Space Center (Songlin),Long March 3,Success,Medium,,28.2472,102.0291
2017-017,2017-03-30,United States,United States,"Kennedy / Cape Canaveral, Florida",Kennedy / Cape Canaveral,Falcon 9,Success,Medium,,28.46,-80.54
2017-016,2017-03-19,United States,United States,"Kennedy / Cape Canaveral, Florida",Kennedy / Cape Canaveral,Delta IV,Success,Medium,,28.46,-80.54
2017-015,2017-03-17,Japan,Major Non-NATO Ally,"Tanegashima Space Center, Tanegashima, Nippon",Tanegashima Space Center,H-II,Success,Medium,,30.4,130.97
2017-014,2017-03-16,United States,United States,"Kennedy / Cape Canaveral, Florida",Kennedy / Cape Canaveral,Falcon 9,Success,Medium,,28.46,-80.54
2017-013,2017-03-07,France,NATO Ally,"Centre Spatial Guyanais, Kourou, Guyane Francaise",Centre Spatial Guyanais,Vega,Success,Small,,5.2333,-52.7517
2017-012,2017-03-02,China,China,"Jiuquan Space Center, Nei Monggol Zizhiqu, China",Jiuquan Space Center,KT-2,Success,Small,,41.31,100.31
2017-011,2017-03-01,United States,United States,"Vandenberg Space Force Base, California",Vandenberg Space Force Base,Atlas V,Success,Medium,,34.75,-120.62
2017-010,2017-02-22,Russia/Soviet Union,Russia/Soviet Union,"Baykonur Kosmodrome, Kazakstan",Baykonur Kosmodrome,Soyuz-U,Success,Medium,,46.0,63.0
2017-009,2017-02-19,United States,United States,"Kennedy / Cape Canaveral, Florida",Kennedy / Cape Canaveral,Falcon 9,Success,Medium,,28.46,-80.54
2017-008,2017-02-15,India,Other,"Satish Dhawan Space Ctr, Sriharikota, Andhra Pradesh, India",Satish Dhawan Space Ctr,PSLV,Success,Medium,,13.621,80.303
2017-007,2017-02-14,France,NATO Ally,"Centre Spatial Guyanais, Kourou, Guyane Francaise",Centre Spatial Guyanais,Ariane 5,Success,Heavy,,5.2333,-52.7517
2017-006,2017-01-28,France,NATO Ally,"Centre Spatial Guyanais, Kourou, Guyane Francaise",Centre Spatial Guyanais,Soyuz-2,Success,Medium,,5.2333,-52.7517
2017-005,2017-01-24,Japan,Major Non-NATO Ally,"Tanegashima Space Center, Tanegashima, Nippon",Tanegashima Space Center,H-II,Success,Medium,,30.4,130.97
2017-004,2017-01-21,United States,United States,"Kennedy / Cape Canaveral, Florida",Kennedy / Cape Canaveral,Atlas V,Success,Medium,,28.46,-80.54
2017-003,2017-01-14,United States,United States,"Vandenberg Space Force Base, California",Vandenberg Space Force Base,Falcon 9,Success,Medium,,34.75,-120.62
2017-F01,2017-01-14,Japan,Major Non-NATO Ally,"Uchinoura Space Center, Kagoshima (formerly Kagoshima)",Uchinoura Space Center,SS-520,Failure,Small,,31.25,131.079
2017-002,2017-01-09,China,China,"Jiuquan Space Center, Nei Monggol Zizhiqu, China",Jiuquan Space Center,Kuaizhou-1A,Success,Small,,41.31,100.31
2017-001,2017-01-05,China,China,"Xichang Space Center (Songlin), Sichuan, China",Xichang Space Center (Songlin),Long March 3,Success,Medium,,28.2472,102.0291
